<?xml version="1.0" encoding="UTF-8"?>
<window>
	<defaultcontrol>9000</defaultcontrol>
	<include>DialogOpenCloseAnimation</include>
	<coordinates>
		<system>1</system>
		<left>0</left>
		<top>334</top>
	</coordinates>
	<controls>
		<control type="image" id="1">
			<description>background image</description>
			<left>705</left>
			<top>35</top>
			<width>510</width>
			<height>365</height>
			<texture border="">listpanel_back.png</texture>
		</control>
			<control type="grouplist" id="9000">
			<top>60</top>
			<left>740</left>
			<width>510</width>
			<height>300</height>
			<onleft>9000</onleft>
			<onright>9000</onright>
			<onup>9000</onup>
			<ondown>9000</ondown>
			<align>center</align>
			<control type="button" id="2">
				<description>Exit button</description>
				<width>440</width>
				<height>60</height>
				<textcolor>grey2</textcolor>
				<focusedcolor>white</focusedcolor>
				<textwidth>435</textwidth>
				<textoffsetx></textoffsetx>
				<align>center</align>
				<texturefocus colordiffuse="$VAR[HighlightBarColor]">listselect_fo.png</texturefocus>
				<onclick>Quit()</onclick>
				<font>font14</font>
				<label>13012</label>
				<visible>System.ShowExitButton</visible>
			</control>
			<control type="button" id="1240">
				<top>25</top>
				<description>URlResolver</description>
				<width>440</width>
				<height>60</height>
				<onclick>RunPlugin(plugin://script.module.urlresolver/?mode=auth_rd)</onclick>
				<align>center</align>
				<texturefocus colordiffuse="$VAR[HighlightBarColor]">listselect_fo.png</texturefocus>
				<font>font145</font>
				<textwidth>435</textwidth>
				<textoffsetx></textoffsetx>
				<textcolor>grey2</textcolor>
				<focusedcolor>white</focusedcolor>
				<label>URlResolver</label>
		</control>
		<control type="button" id="1234">
			<description>Resolveurl</description>
			<width>440</width>
			<height>60</height>
			<onclick>RunPlugin(plugin://script.module.resolveurl/?mode=auth_rd)</onclick>
			<align>center</align>
			<texturefocus colordiffuse="$VAR[HighlightBarColor]">listselect_fo.png</texturefocus>
			<font>font145</font>
			<textwidth>435</textwidth>
			<textoffsetx></textoffsetx>
			<textcolor>grey2</textcolor>
				<focusedcolor>white</focusedcolor>
			<label>Resolveurl</label>
		</control>
			<control type="button" id="3">
				<description>Shutdown button</description>
				<width>440</width>
				<height>60</height>
				<textcolor>grey2</textcolor>
				<focusedcolor>white</focusedcolor>
				<textwidth>435</textwidth>
				<textoffsetx></textoffsetx>
				<align>center</align>
				<texturefocus colordiffuse="$VAR[HighlightBarColor]">listselect_fo.png</texturefocus>
				<onclick>Powerdown()</onclick>
				<visible>System.CanPowerDown</visible>
				<font>font14</font>
				<label>13016</label>
			</control>
			<control type="button" id="4">
				<description>Custom Shutdown Timer</description>
				<width>440</width>
				<height>60</height>
				<textcolor>grey2</textcolor>
				<focusedcolor>white</focusedcolor>
				<textwidth>435</textwidth>
				<textoffsetx></textoffsetx>
				<align>center</align>
				<texturefocus colordiffuse="$VAR[HighlightBarColor]">listselect_fo.png</texturefocus>
				<onclick>AlarmClock(shutdowntimer,Shutdown())</onclick>
				<font>font14</font>
				<label>20150</label>
				<visible>!System.HasAlarm(shutdowntimer)</visible>
				<visible>System.CanPowerDown | System.CanSuspend | System.CanHibernate</visible>
			</control>
			<control type="button" id="5">
				<description>Cancel Shutdown Timer</description>
				<width>440</width>
				<height>60</height>
				<textcolor>grey2</textcolor>
				<focusedcolor>white</focusedcolor>
				<textwidth>435</textwidth>
				<textoffsetx></textoffsetx>
				<align>center</align>
				<texturefocus colordiffuse="$VAR[HighlightBarColor]">listselect_fo.png</texturefocus>
				<onclick>CancelAlarm(shutdowntimer)</onclick>
				<font>font14</font>
				<label>$LOCALIZE[20151]$INFO[System.Alarmpos, (,)]</label>
				<visible>System.HasAlarm(shutdowntimer)</visible>
			</control>
			<control type="button" id="6">
				<description>Suspend button</description>
				<width>440</width>
				<height>60</height>
				<textcolor>grey2</textcolor>
				<focusedcolor>white</focusedcolor>
				<textwidth>435</textwidth>
				<textoffsetx></textoffsetx>
				<align>center</align>
				<texturefocus colordiffuse="$VAR[HighlightBarColor]">listselect_fo.png</texturefocus>
				<onclick>Suspend()</onclick>
				<visible>System.CanSuspend</visible>
				<font>font14</font>
				<label>13011</label>
			</control>
			<control type="button" id="7">
				<description>Hibernate button</description>
				<width>440</width>
				<height>60</height>
				<textcolor>grey2</textcolor>
				<focusedcolor>white</focusedcolor>
				<textwidth>435</textwidth>
				<textoffsetx></textoffsetx>
				<align>center</align>
				<texturefocus colordiffuse="$VAR[HighlightBarColor]">listselect_fo.png</texturefocus>
				<onclick>Hibernate()</onclick>
				<visible>System.CanHibernate</visible>
				<font>font14</font>
				<label>13010</label>
			</control>
			<control type="button" id="8">
				<description>Reboot button</description>
				<width>440</width>
				<height>60</height>
				<textcolor>grey2</textcolor>
				<focusedcolor>white</focusedcolor>
				<textwidth>435</textwidth>
				<textoffsetx></textoffsetx>
				<align>center</align>
				<texturefocus colordiffuse="$VAR[HighlightBarColor]">listselect_fo.png</texturefocus>
				<onclick>Reset()</onclick>
				<visible>System.CanReboot</visible>
				<font>font14</font>
				<label>13013</label>
			</control>
			<control type="button" id="9">
				<description>Logoff button</description>
				<width>440</width>
				<height>60</height>
				<textcolor>grey2</textcolor>
				<focusedcolor>white</focusedcolor>
				<textwidth>435</textwidth>
				<textoffsetx></textoffsetx>
				<align>center</align>
				<texturefocus colordiffuse="$VAR[HighlightBarColor]">listselect_fo.png</texturefocus>
				<onclick>dialog.close(all,true)</onclick>
				<onclick>System.LogOff</onclick>
				<font>font14</font>
				<label>$LOCALIZE[20126] $INFO[system.profilename]</label>
				<visible>System.HasLoginScreen | Integer.IsGreater(System.ProfileCount,1)</visible>
				<visible>System.Loggedon</visible>
			</control>
			<control type="togglebutton" id="10">
				<description>Master mode button</description>
				<width>440</width>
				<height>60</height>
				<textcolor>grey2</textcolor>
				<focusedcolor>white</focusedcolor>
				<textwidth>435</textwidth>
				<textoffsetx></textoffsetx>
				<align>center</align>
				<texturefocus colordiffuse="$VAR[HighlightBarColor]">listselect_fo.png</texturefocus>
				<usealttexture>!System.IsMaster</usealttexture>
				<alttexturefocus colordiffuse="$VAR[HighlightBarColor]" border="35,2,35,2">listselect_fo.png</alttexturefocus>
				<!--texturenofocus border="35,2,35,2">button_shutdown_nofocus.png</texturenofocus-->
				<onclick>xbmc.mastermode</onclick>
				<visible>System.HasLocks</visible>
			</control>
			<control type="button" id="12">
				<description>Inhibit idle shutdown</description>
				<width>440</width>
				<height>60</height>
				<textcolor>grey2</textcolor>
				<focusedcolor>white</focusedcolor>
				<textwidth>435</textwidth>
				<textoffsetx></textoffsetx>
				<align>center</align>
				<texturefocus colordiffuse="$VAR[HighlightBarColor]">listselect_fo.png</texturefocus>
				<onclick>InhibitIdleShutdown(true)</onclick>
				<font>font14</font>
				<label>13017</label>
				<visible>System.HasShutdown +!System.IsInhibit</visible>
			</control>
			<control type="button" id="13">
				<description>Allow idle shutdown</description>
				<width>440</width>
				<height>60</height>
				<textcolor>grey2</textcolor>
				<focusedcolor>white</focusedcolor>
				<textwidth>435</textwidth>
				<textoffsetx></textoffsetx>
				<align>center</align>
				<texturefocus colordiffuse="$VAR[HighlightBarColor]">listselect_fo.png</texturefocus>
				<onclick>InhibitIdleShutdown(false)</onclick>
				<font>font14</font>
				<label>13018</label>
				<visible>System.HasShutdown + System.IsInhibit</visible>
			</control>
			<control type="button" id="14">
				<description>Settings</description>
				<width>440</width>
				<height>60</height>
				<textcolor>grey2</textcolor>
				<focusedcolor>white</focusedcolor>
				<textwidth>435</textwidth>
				<textoffsetx></textoffsetx>
				<align>center</align>
				<texturefocus colordiffuse="$VAR[HighlightBarColor]">listselect_fo.png</texturefocus>
				<onclick>Dialog.Close(all,true)</onclick>
				<onclick>ActivateWindow(settings)</onclick>
				<font>font14</font>
				<label>$LOCALIZE[5]</label>
			</control>
			<control type="button" id="18">
				<description>Skin Settings</description>
				<width>440</width>
				<height>60</height>
				<textcolor>grey2</textcolor>
				<focusedcolor>white</focusedcolor>
				<textwidth>435</textwidth>
				<textoffsetx></textoffsetx>
				<align>center</align>
				<texturefocus colordiffuse="$VAR[HighlightBarColor]">listselect_fo.png</texturefocus>
				<onclick>Dialog.Close(all,true)</onclick>
				<onclick>ActivateWindow(skinsettings)</onclick>
				<font>font14</font>
				<label>20077</label>
			</control>
			<control type="button" id="15">
				<description>Favorites</description>
				<width>440</width>
				<height>60</height>
				<textcolor>grey2</textcolor>
				<focusedcolor>white</focusedcolor>
				<textwidth>435</textwidth>
				<textoffsetx></textoffsetx>
				<align>center</align>
				<texturefocus colordiffuse="$VAR[HighlightBarColor]">listselect_fo.png</texturefocus>
				<onclick>ActivateWindow(favourites)</onclick>
				<font>font14</font>
				<label>1036</label>
			</control>
			<control type="button" id="17">
				<description>Reload Skin button</description>
				<width>440</width>
				<height>60</height>
				<textcolor>grey2</textcolor>
				<focusedcolor>white</focusedcolor>
				<textwidth>435</textwidth>
				<textoffsetx></textoffsetx>
				<align>center</align>
				<texturefocus colordiffuse="$VAR[HighlightBarColor]">listselect_fo.png</texturefocus>
				<onclick>Dialog.Close(all,true)</onclick>
				<onclick>ReloadSkin()</onclick>
				<font>font14</font>
				<label>20183</label>
			</control>			
		</control>
	</controls>
</window>