<?xml version="1.0" encoding="UTF-8"?>
<window>
	<defaultcontrol always="true">90001</defaultcontrol>
	<onload>ClearProperty(skinshortcuts-management-widget,Home)</onload>
	<onunload>ClearProperty(skinshortcuts-management-widget,Home)</onunload>
	<controls>
		<control type="group">
			<include>WindowSettingsFadeAnimation</include>
			<top>64</top>
			<control type="group">
				<visible>String.IsEmpty(Window.Property(additionalDialog))</visible>
				<control type="group">
					<include>SettingsFadeAnimation</include>
					<control type="list" id="211">
						<left>81</left>
						<top>32</top>
						<width>656</width>
						<height>810</height>
						<onright>9000</onright>
						<scrolltime tween="quadratic" easing="out">200</scrolltime>
						<itemlayout height="81" width="356">
							<control type="group">
								<visible>String.IsEmpty(Window(Home).Property(skinshortcuts-management-widget))</visible>
								<control type="label">
									<width>300</width>
									<height>81</height>
									<font>font15_title</font>
									<textoffsetx>20</textoffsetx>
									<textcolor>grey</textcolor>
									<label>$VAR[ShortcutsDisabledVar]$INFO[ListItem.Label]</label>
									<visible>!String.IsEqual(Skin.String(MainMenu.Layout),icons)</visible>
								</control>
								<control type="group">
									<visible>String.IsEqual(Skin.String(MainMenu.Layout),icons)</visible>
									<control type="label">
										<left>40</left>
										<width>330</width>
										<height>81</height>
										<font>font15_title</font>
										<textoffsetx>20</textoffsetx>
										<textcolor>grey2</textcolor>
										<label>$VAR[ShortcutsDisabledVar]$INFO[ListItem.Label]</label>
									</control>
									<control type="image">
										<left>-5</left>
										<top>10</top>
										<width>70</width>
										<height>70</height>
										<texture colordiffuse="grey2">$INFO[ListItem.Icon]</texture>
										<visible>String.IsEqual(Window.Property(groupname),mainmenu)</visible>
									</control>
								</control>
							</control>
						</itemlayout>
						<focusedlayout height="81" width="356">
							<control type="image">
								<width>356</width>
								<height>81</height>
								<texture colordiffuse="$VAR[HighlightBarColor]" border="4">listselect_fo.png</texture>
								<animation effect="fade" start="100" end="40" time="300" tween="sine" easing="inout" condition="!Control.HasFocus(211)">Conditional</animation>
							</control>
							<control type="label">
								<width>300</width>
								<height>81</height>
								<font>font15_title</font>
								<textoffsetx>20</textoffsetx>
								<label>$VAR[ShortcutsDisabledVar]$INFO[ListItem.Label]</label>
								<visible>!String.IsEqual(Skin.String(MainMenu.Layout),icons)</visible>
								<scroll>true</scroll>
							</control>
							<control type="group">
								<visible>String.IsEqual(Skin.String(MainMenu.Layout),icons)</visible>
								<control type="label">
									<left>40</left>
									<width>330</width>
									<height>81</height>
									<font>font15_title</font>
									<textoffsetx>20</textoffsetx>
									<label>$VAR[ShortcutsDisabledVar]$INFO[ListItem.Label]</label>
									<scroll>true</scroll>
								</control>
								<control type="image">
									<left>-5</left>
									<top>5.5</top>
									<width>70</width>
									<height>70</height>
									<texture>$INFO[ListItem.Icon]</texture>
									<visible>String.IsEqual(Window.Property(groupname),mainmenu)</visible>
								</control>
							</control>
						</focusedlayout>
					</control>
					<control type="group" id="9000">
						<left>437</left>
						<top>32</top>
						<control type="image">
							<width>1401</width>
							<height>81</height>
							<texture colordiffuse="$VAR[HighlightBarColor]" border="4">listselect_fo.png</texture>
							<visible>ControlGroup(90000).HasFocus | Control.HasFocus(90002)</visible>
						</control>
						<control type="button" id="90002">
							<texturefocus />
							<texturenofocus />
							<width>1401</width>
							<height>81</height>
							<textoffsetx>30</textoffsetx>
							<align>right</align>
							<font>font30_title</font>
							<textcolor>white2</textcolor>
							<label>$VAR[SkinShortcutsButtonLabelVar]</label>
							<enable>no</enable>
							<disabledcolor>white</disabledcolor>
						</control>
						<control type="grouplist" id="90000">
							<width>700.5</width>
							<height>81</height>
							<onleft>211</onleft>
							<onup>313</onup>
							<ondown>401</ondown>
							<orientation>horizontal</orientation>
							<visible>String.IsEmpty(Window(Home).Property(skinshortcuts-management-widget))</visible>
							<control type="button" id="304">
								<texturefocus />
								<texturenofocus />
								<width>140.1</width>
								<height>81</height>
								<align>center</align>
								<font>IconSkinShortcuts</font>
								<textcolor>grey2</textcolor>
								<focusedcolor>white</focusedcolor>
								<label></label>
							</control>
							<control type="button" id="303">
								<texturefocus />
								<texturenofocus />
								<width>140.1</width>
								<height>81</height>
								<align>center</align>
								<font>IconSkinShortcuts</font>
								<textcolor>grey2</textcolor>
								<focusedcolor>white</focusedcolor>
								<label></label>
							</control>
							<control type="button" id="301">
								<texturefocus />
								<texturenofocus />
								<width>140.1</width>
								<height>81</height>
								<align>center</align>
								<font>IconSkinShortcuts</font>
								<textcolor>grey2</textcolor>
								<focusedcolor>white</focusedcolor>
								<label></label>
							</control>
							<control type="button" id="302">
								<texturefocus />
								<texturenofocus />
								<width>140.1</width>
								<height>81</height>
								<align>center</align>
								<font>IconSkinShortcuts</font>
								<textcolor>grey2</textcolor>
								<focusedcolor>white</focusedcolor>
								<label></label>
							</control>
							<control type="button" id="308">
								<texturefocus />
								<texturenofocus />
								<width>140.1</width>
								<height>81</height>
								<align>center</align>
								<font>IconSkinShortcuts</font>
								<textcolor>grey2</textcolor>
								<focusedcolor>white</focusedcolor>
								<label></label>
							</control>
						</control>
						<control type="image">
							<top>80</top>
							<width>1401</width>
							<height>1</height>
							<texture colordiffuse="$VAR[ThemeLabelColor]">new_pvr/osd_line_white.png</texture>
							<visible>String.IsEmpty(Window(Home).Property(skinshortcuts-management-widget))</visible>
						</control>
						<control type="grouplist" id="90001">
							<top>81</top>
							<width>1401</width>
							<height>729</height>
							<onleft>211</onleft>
							<onup>90000</onup>
							<ondown>90000</ondown>
							<visible>String.IsEmpty(Window(Home).Property(skinshortcuts-management-widget))</visible>
							<control type="button" id="401">
								<description>Choose shortcut</description>
								<include>SettingsButtonCommonValues</include>
								<label>$ADDON[script.skinshortcuts 32048]</label>
							</control>
							<control type="button" id="305">
								<description>Change label</description>
								<include>SettingsButtonCommonValues</include>
								<label>$ADDON[script.skinshortcuts 32025]</label>
								<label2>$INFO[Container(211).ListItem.Label]</label2>
							</control>
							<control type="button" id="306">
								<description>Change icon</description>
								<include>SettingsButtonCommonValues</include>
								<label>$LOCALIZE[31047]</label>
								<visible>String.IsEqual(Skin.String(MainMenu.Layout),icons)</visible>
							</control>
							<control type="button" id="307">
								<description>Change action</description>
								<include>SettingsButtonCommonValues</include>
								<label>$ADDON[script.skinshortcuts 32027]</label>
								<label2>$INFO[Container(211).ListItem.Property(displaypath)]</label2>
							</control>
							<control type="button" id="405">
								<description>Edit submenu</description>
								<include>SettingsButtonCommonValues</include>
								<label>$LOCALIZE[31080]</label>
								<visible>String.IsEqual(Window.Property(groupname),mainmenu)</visible>
							</control>
							<control type="button" id="310">
								<description>Change background</description>
								<include>SettingsButtonCommonValues</include>
								<label>$ADDON[script.skinshortcuts 32045]</label>
								<label2>$INFO[Container(211).ListItem.Property(backgroundName)]</label2>
								<onclick condition="!Skin.HasSetting(WarnedOnFileManager)">SetProperty(Notify,True,Home)</onclick>
								<onclick condition="!Skin.HasSetting(WarnedOnFileManager)">SetProperty(NotifyFileManager,True,Home)</onclick>
							</control>
							<!--TK	control type="button" id="510">
								<description>Choose infoline</description>
								<include>SettingsButtonCommonValues</include>
								<label>$LOCALIZE[31049]</label>
								<label2>$INFO[Container(211).ListItem.Property(InfoLine)]</label2>
								<visible>String.IsEqual(Window.Property(groupname),mainmenu)</visible>
								<onclick>SetProperty(chooseProperty,InfoLine)</onclick>
								<onclick>SendClick(404)</onclick>
							</control	-->
							<control type="button" id="800">
								<description>Widget 1</description>
								<include>SettingsButtonCommonValues</include>
								<label>$ADDON[script.skinshortcuts 32044] 1</label>
								<label2>$VAR[Widget1DisplayTitleVar]</label2>
								<onfocus condition="!String.IsEmpty(Window(Home).Property(skinshortcuts-management-widget))">ClearProperty(skinshortcuts-management-widget,Home)</onfocus>
								<onclick>SetProperty(skinshortcuts-management-widget,1,Home)</onclick>
								<onclick>Control.SetFocus(312)</onclick>
								<visible>String.IsEqual(Window.Property(groupname),mainmenu)</visible>
							</control>
							<control type="button" id="406">
								<description>Setup custom widget 1</description>
								<include>SettingsButtonCommonValues</include>
								<label>   - $LOCALIZE[31760]</label>
								<visible>String.IsEqual(Window.Property(groupname),mainmenu) + String.IsEqual(Container(211).ListItem.Property(widgetType),custom)</visible>
							</control>
							<control type="button" id="801">
								<description>Widget 2</description>
								<include>SettingsButtonCommonValues</include>
								<label>$ADDON[script.skinshortcuts 32044] 2</label>
								<label2>$VAR[Widget2DisplayTitleVar]</label2>
								<onfocus condition="!String.IsEmpty(Window(Home).Property(skinshortcuts-management-widget))">ClearProperty(skinshortcuts-management-widget,Home)</onfocus>
								<onclick>SetProperty(skinshortcuts-management-widget,2,Home)</onclick>
								<onclick>Control.SetFocus(2051)</onclick>
								<visible>String.IsEqual(Window.Property(groupname),mainmenu)</visible>
							</control>
							<control type="button" id="407">
								<description>Setup custom widget 2</description>
								<include>SettingsButtonCommonValues</include>
								<label>   - $LOCALIZE[31761]</label>
								<visible>String.IsEqual(Window.Property(groupname),mainmenu) + String.IsEqual(Container(211).ListItem.Property(widgetType.2),custom)</visible>
							</control>
							<control type="group" id="90003">
								<width>1401</width>
								<height>81</height>
								<control type="radiobutton" id="313">
									<description>Disable</description>
									<width>700.5</width>
									<radioposx>600</radioposx>
									<include>SettingsButtonCommonValues</include>
									<label>$LOCALIZE[24021]</label>
									<onup>407</onup>
									<ondown>90000</ondown>
									<onleft>211</onleft>
									<onright>519</onright>
									<selected>String.IsEqual(Container(211).ListItem.Property(skinshortcuts-disabled),True)</selected>
								</control>
								<control type="radiobutton" id="519">
									<description>Show Live TV Widget</description>
									<left>700.5</left>
									<width>700.5</width>
									<radioposx>600</radioposx>
									<include>SettingsButtonCommonValues</include>
									<label>$LOCALIZE[31273]</label>
									<onup>407</onup>
									<ondown>90000</ondown>
									<onleft>313</onleft>
									<onright>313</onright>
									<onclick condition="!String.IsEmpty(Container(211).ListItem.Property(widgetLiveTV))">SetProperty(customProperty,widgetLiveTV)</onclick>
									<onclick condition="String.IsEmpty(Container(211).ListItem.Property(widgetLiveTV))">SetProperty(customProperty,widgetLiveTV)</onclick>
									<onclick condition="String.IsEmpty(Container(211).ListItem.Property(widgetLiveTV))">SetProperty(customValue,true)</onclick>
									<onclick>SendClick(404)</onclick>
									<selected>!String.IsEmpty(Container(211).ListItem.Property(widgetLiveTV))</selected>
									<visible>String.IsEqual(Window.Property(groupname),mainmenu)</visible>
								</control>
							</control>
						</control>
					</control>
				</control>
			</control>
			<!-- Widget Settings -->
			<control type="group">
				<left>437</left>
				<top>32</top>
				<visible>!String.IsEmpty(Window(Home).Property(skinshortcuts-management-widget))</visible>
				<include>SettingsFadeAnimation</include>
				<!-- Widget 1 -->
				<control type="group">
					<visible>String.IsEqual(Window(Home).Property(skinshortcuts-management-widget),1)</visible>
					<control type="button" id="6001">
						<top>-62</top>
						<width>100%</width>
						<height>1141</height>
						<onclick>back</onclick>
						<texturefocus />
						<texturenofocus />
					</control>
					<control type="grouplist" id="6000">
						<width>1401</width>
						<height>810</height>
						<onup>6000</onup>
						<ondown>6000</ondown>
						<scrolltime tween="quadratic" easing="out">200</scrolltime>
						<control type="button" id="312">
							<description>Change widget 1</description>
							<include>SettingsButtonCommonValues</include>
							<label>$ADDON[script.skinshortcuts 32044]</label>
							<label2>$INFO[Container(211).ListItem.Property(widgetName)]</label2>
							<onclick>SetProperty(customProperty,widgetArt)</onclick>
							<onclick>SendClick(404)</onclick>
						</control>
						<control type="button" id="1001">
							<description>Change widget style 1</description>
							<include>SettingsButtonCommonValues</include>
							<label>31701</label>
							<label2>$VAR[WidgetStyleLabelVar]</label2>
							<visible>!String.IsEmpty(Container(211).ListItem.Property(widgetPath))</visible>
						</control>
						<!--TK	control type="button" id="1021">
							<description>Enable panel widget info 1</description>
							<include>SettingsButtonCommonValues</include>
							<label>31705</label>
							<label2>$VAR[WidgetPanelInfoVar]</label2>
							<visible>!String.IsEmpty(Container(211).ListItem.Property(widgetPath)) + !String.IsEmpty(Container(211).ListItem.Property(widgetStyle)) + !String.Contains(Container(211).ListItem.Property(widgetStyle),List)</visible>
						</control	-->
						<control type="button" id="1004">
							<description>Change widget art 1</description>
							<include>SettingsButtonCommonValues</include>
							<label>$LOCALIZE[31706]</label>
							<label2>$VAR[WidgetArtLabelVar]</label2>
							<visible>[!String.IsEmpty(Container(211).ListItem.Property(widgetPath)) + !String.IsEmpty(Container(211).ListItem.Property(widgetStyle))] + [!String.IsEqual(Container(211).ListItem.Property(widgetType),system) | !String.Contains(Container(211).ListItem.Property(widgetStyle),List)]</visible>
						</control>
						<control type="button" id="1008">
							<description>Change widget case 1</description>
							<include>SettingsButtonCommonValues</include>
							<label>$LOCALIZE[31707]</label>
							<label2>$VAR[WidgetCaseLabelVar]</label2>
							<visible>[!String.IsEmpty(Container(211).ListItem.Property(widgetPath)) + !String.IsEmpty(Container(211).ListItem.Property(widgetStyle))] + [!String.IsEqual(Container(211).ListItem.Property(widgetType),system) | !String.Contains(Container(211).ListItem.Property(widgetStyle),List)]</visible>
						</control>
						<control type="button" id="1002">
							<description>Change widget background 1</description>
							<include>SettingsButtonCommonValues</include>
							<label>31702</label>
							<label2>$VAR[WidgetBackgroundLabelVar]</label2>
							<visible>!String.IsEmpty(Container(211).ListItem.Property(widgetPath)) + !String.IsEmpty(Container(211).ListItem.Property(widgetStyle)) + !Skin.HasSetting(Enable.GlobalWidgetBack)</visible>
						</control>
						<control type="button" id="1003">
							<description>Change widget title 1</description>
							<include>SettingsButtonCommonValues</include>
							<label>31703</label>
							<label2>$VAR[WidgetTitleLabelVar]</label2>
							<visible>!String.IsEmpty(Container(211).ListItem.Property(widgetPath)) + !String.IsEmpty(Container(211).ListItem.Property(widgetStyle)) + !String.Contains(Container(211).ListItem.Property(widgetStyle),List)</visible>
						</control>
						<control type="button" id="1020">
							<description>Change list widget text 1</description>
							<include>SettingsButtonCommonValues</include>
							<label>31704</label>
							<label2>$VAR[WidgetListLabelVar]</label2>
							<visible>!String.IsEmpty(Container(211).ListItem.Property(widgetPath)) + !String.IsEmpty(Container(211).ListItem.Property(widgetStyle)) + String.Contains(Container(211).ListItem.Property(widgetStyle),List) + !String.IsEqual(Container(211).ListItem.Property(widgetArt),Banner) + !String.IsEqual(Container(211).ListItem.Property(widgetType),system) + !String.IsEqual(Container(211).ListItem.Property(widgetType),weather)</visible>
						</control>
						<control type="radiobutton" id="1022">
							<description>Enable widget hide 1</description>
							<include>SettingsButtonCommonValues</include>
							<label>31289</label>
							<onclick condition="!String.IsEmpty(Container(211).ListItem.Property(widgetHide))">SetProperty(customProperty,widgetHide)</onclick>
							<onclick condition="String.IsEmpty(Container(211).ListItem.Property(widgetHide))">SetProperty(customProperty,widgetHide)</onclick>
							<onclick condition="String.IsEmpty(Container(211).ListItem.Property(widgetHide))">SetProperty(customValue,true)</onclick>
							<onclick>SendClick(404)</onclick>
							<selected>!String.IsEmpty(Container(211).ListItem.Property(widgetHide))</selected>
							<visible>!String.IsEmpty(Container(211).ListItem.Property(widgetPath)) + !String.IsEmpty(Container(211).ListItem.Property(widgetStyle))</visible>
						</control>
						<control type="radiobutton" id="1023">
							<description>Disable widget fanart 1</description>
							<include>SettingsButtonCommonValues</include>
							<label>31444</label>
							<onclick condition="!String.IsEmpty(Container(211).ListItem.Property(widgetDisableFanart))">SetProperty(customProperty,widgetDisableFanart)</onclick>
							<onclick condition="String.IsEmpty(Container(211).ListItem.Property(widgetDisableFanart))">SetProperty(customProperty,widgetDisableFanart)</onclick>
							<onclick condition="String.IsEmpty(Container(211).ListItem.Property(widgetDisableFanart))">SetProperty(customValue,true)</onclick>
							<onclick>SendClick(404)</onclick>
							<selected>!String.IsEmpty(Container(211).ListItem.Property(widgetDisableFanart))</selected>
							<visible>!String.IsEmpty(Container(211).ListItem.Property(widgetPath)) + !String.IsEmpty(Container(211).ListItem.Property(widgetStyle))</visible>
						</control>
						<control type="group" id="6002">
							<width>1401</width>
							<height>81</height>
							<control type="button" id="1012">
								<description>Change widget 1 sort by</description>
								<width>700.5</width>
								<onup>1023</onup>
								<ondown>312</ondown>
								<onleft>1016</onleft>
								<onright>1016</onright>
								<include>SettingsButtonCommonValues</include>
								<label>$LOCALIZE[31708]</label>
								<label2>$VAR[WidgetSortbyLabelVar]</label2>
								<visible>!String.IsEmpty(Container(211).ListItem.Property(widgetPath)) + !String.IsEmpty(Container(211).ListItem.Property(widgetStyle))</visible>
							</control>
							<control type="button" id="1016">
								<description>Change widget 1 sort order</description>
								<left>700.5</left>
								<width>700.5</width>
								<onup>1023</onup>
								<ondown>312</ondown>
								<onleft>1012</onleft>
								<onright>1012</onright>
								<include>SettingsButtonCommonValues</include>
								<label>$LOCALIZE[31709]</label>
								<label2>$VAR[WidgetSortLabelVar]</label2>
								<visible>!String.IsEmpty(Container(211).ListItem.Property(widgetPath)) + !String.IsEmpty(Container(211).ListItem.Property(widgetStyle))</visible>
							</control>
						</control>
					</control>
				</control>
				<!-- Widget 2 -->
				<control type="group">
					<visible>String.IsEqual(Window(Home).Property(skinshortcuts-management-widget),2)</visible>
					<control type="button" id="7001">
						<top>-62</top>
						<width>100%</width>
						<height>1141</height>
						<onclick>back</onclick>
						<texturefocus />
						<texturenofocus />
					</control>
					<control type="grouplist" id="7000">
						<width>1401</width>
						<height>810</height>
						<onup>7000</onup>
						<ondown>7000</ondown>
						<scrolltime tween="quadratic" easing="out">200</scrolltime>
						<control type="button" id="2051">
							<description>Change widget 2</description>
							<include>SettingsButtonCommonValues</include>
							<label>$ADDON[script.skinshortcuts 32044]</label>
							<label2>$INFO[Container(211).ListItem.Property(widgetName.2)]</label2>
							<onclick>SetProperty(widgetID,2)</onclick>
							<onclick>SendClick(312)</onclick>
							<onclick>SetProperty(customProperty,widgetArt.2)</onclick>
							<onclick>SendClick(404)</onclick>
						</control>
						<control type="button" id="2001">
							<description>Change widget style 2</description>
							<include>SettingsButtonCommonValues</include>
							<label>31701</label>
							<label2>$VAR[WidgetStyle2LabelVar]</label2>
							<visible>!String.IsEmpty(Container(211).ListItem.Property(widgetName.2))</visible>
						</control>
						<!--TK	control type="button" id="2021">
							<description>Enable panel widget info 2</description>
							<include>SettingsButtonCommonValues</include>
							<label>31705</label>
							<label2>$VAR[WidgetPanelInfo2Var]</label2>
							<visible>!String.IsEmpty(Container(211).ListItem.Property(widgetPath.2)) + !String.IsEmpty(Container(211).ListItem.Property(widgetStyle.2)) + !String.Contains(Container(211).ListItem.Property(widgetStyle.2),List)</visible>
						</control	-->
						<control type="button" id="2004">
							<description>Change widget art 2</description>
							<include>SettingsButtonCommonValues</include>
							<label>$LOCALIZE[31706]</label>
							<label2>$VAR[WidgetArt2LabelVar]</label2>
							<visible>[!String.IsEmpty(Container(211).ListItem.Property(widgetPath.2)) + !String.IsEmpty(Container(211).ListItem.Property(widgetStyle.2))] + [!String.IsEqual(Container(211).ListItem.Property(widgetType.2),system) | !String.Contains(Container(211).ListItem.Property(widgetStyle.2),List)]</visible>
						</control>
						<control type="button" id="2008">
							<description>Change widget case 2</description>
							<include>SettingsButtonCommonValues</include>
							<label>$LOCALIZE[31707]</label>
							<label2>$VAR[WidgetCase2LabelVar]</label2>
							<visible>[!String.IsEmpty(Container(211).ListItem.Property(widgetPath.2)) + !String.IsEmpty(Container(211).ListItem.Property(widgetStyle.2))] + [!String.IsEqual(Container(211).ListItem.Property(widgetType.2),system) | !String.Contains(Container(211).ListItem.Property(widgetStyle.2),List)]</visible>
						</control>
						<control type="button" id="2002">
							<description>Change widget background 2</description>
							<include>SettingsButtonCommonValues</include>
							<label>31702</label>
							<label2>$VAR[WidgetBackground2LabelVar]</label2>
							<visible>!String.IsEmpty(Container(211).ListItem.Property(widgetPath.2)) + !String.IsEmpty(Container(211).ListItem.Property(widgetStyle.2)) + !Skin.HasSetting(Enable.GlobalWidgetBack)</visible>
						</control>
						<control type="button" id="2003">
							<description>Change widget title 2</description>
							<include>SettingsButtonCommonValues</include>
							<label>31703</label>
							<label2>$VAR[WidgetTitle2LabelVar]</label2>
							<visible>!String.IsEmpty(Container(211).ListItem.Property(widgetPath.2)) + !String.IsEmpty(Container(211).ListItem.Property(widgetStyle.2)) + !String.Contains(Container(211).ListItem.Property(widgetStyle.2),List)</visible>
						</control>
						<control type="button" id="2020">
							<description>Change list widget text 2</description>
							<include>SettingsButtonCommonValues</include>
							<label>31704</label>
							<label2>$VAR[WidgetList2LabelVar]</label2>
							<visible>!String.IsEmpty(Container(211).ListItem.Property(widgetPath.2)) + !String.IsEmpty(Container(211).ListItem.Property(widgetStyle.2)) + String.Contains(Container(211).ListItem.Property(widgetStyle.2),List) + !String.IsEqual(Container(211).ListItem.Property(widgetArt.2),Banner) + !String.IsEqual(Container(211).ListItem.Property(widgetType.2),system) + !String.IsEqual(Container(211).ListItem.Property(widgetType.2),weather)</visible>
						</control>
						<control type="radiobutton" id="2022">
							<description>Enable widget hide 2</description>
							<include>SettingsButtonCommonValues</include>
							<label>31289</label>
							<onclick condition="!String.IsEmpty(Container(211).ListItem.Property(widgetHide))">SetProperty(customProperty,widgetHide.2)</onclick>
							<onclick condition="String.IsEmpty(Container(211).ListItem.Property(widgetHide))">SetProperty(customProperty,widgetHide.2)</onclick>
							<onclick condition="String.IsEmpty(Container(211).ListItem.Property(widgetHide.2))">SetProperty(customValue,true)</onclick>
							<onclick>SendClick(404)</onclick>
							<selected>!String.IsEmpty(Container(211).ListItem.Property(widgetHide.2))</selected>
							<visible>!String.IsEmpty(Container(211).ListItem.Property(widgetPath.2)) + !String.IsEmpty(Container(211).ListItem.Property(widgetStyle.2))</visible>
						</control>
						<control type="radiobutton" id="2023">
							<description>Disable widget fanart 2</description>
							<include>SettingsButtonCommonValues</include>
							<label>31444</label>
							<onclick condition="!String.IsEmpty(Container(211).ListItem.Property(widgetDisableFanart.2))">SetProperty(customProperty,widgetDisableFanart.2)</onclick>
							<onclick condition="String.IsEmpty(Container(211).ListItem.Property(widgetDisableFanart.2))">SetProperty(customProperty,widgetDisableFanart.2)</onclick>
							<onclick condition="String.IsEmpty(Container(211).ListItem.Property(widgetDisableFanart.2))">SetProperty(customValue,true)</onclick>
							<onclick>SendClick(404)</onclick>
							<selected>!String.IsEmpty(Container(211).ListItem.Property(widgetDisableFanart.2))</selected>
							<visible>!String.IsEmpty(Container(211).ListItem.Property(widgetPath.2)) + !String.IsEmpty(Container(211).ListItem.Property(widgetStyle.2))</visible>
						</control>
						<control type="group" id="7002">
							<width>1401</width>
							<height>81</height>
							<control type="button" id="2012">
								<description>Change widget 2 sort by</description>
								<width>700.5</width>
								<onup>2023</onup>
								<ondown>2051</ondown>
								<onleft>2016</onleft>
								<onright>2016</onright>
								<include>SettingsButtonCommonValues</include>
								<label>$LOCALIZE[31708]</label>
								<label2>$VAR[WidgetSortby2LabelVar]</label2>
								<visible>!String.IsEmpty(Container(211).ListItem.Property(widgetPath.2)) + !String.IsEmpty(Container(211).ListItem.Property(widgetStyle.2))</visible>
							</control>
							<control type="button" id="2016">
								<description>Change widget 2 sort order</description>
								<left>700.5</left>
								<width>700.5</width>
								<onup>1023</onup>
								<ondown>2051</ondown>
								<onleft>2012</onleft>
								<onright>2012</onright>
								<include>SettingsButtonCommonValues</include>
								<label>$LOCALIZE[31709]</label>
								<label2>$VAR[WidgetSort2LabelVar]</label2>
								<visible>!String.IsEmpty(Container(211).ListItem.Property(widgetPath.2)) + !String.IsEmpty(Container(211).ListItem.Property(widgetStyle.2))</visible>
							</control>
						</control>
					</control>
				</control>
			</control>
		</control>
		<control type="button" id="404">
			<include>HiddenObject</include>
		</control>
		<control type="button" id="309">
			<include>HiddenObject</include>
			<visible>false</visible>
		</control>
		<control type="label" id="500">
			<include>HiddenObject</include>
			<visible>false</visible>
		</control>
	</controls>
</window>