<?xml version="1.0" encoding="UTF-8" standalone="yes"?>
<addon id="repository.nocturnal" name="Nocturnal Repo" version="1.0.1" provider-name="Nocturnal">
    <requires>
        <import addon="xbmc.addon" version="12.0.0"/>
    </requires>
    <extension point="xbmc.addon.repository" name="Nocturnal Repo">
        <info compressed="false">https://raw.githubusercontent.com/NocturnalRepo/repo/master/_zipfiles/addons.xml</info>
        <checksum>https://raw.githubusercontent.com/NocturnalRepo/repo/master/_zipfiles/addons.xml.md5</checksum>
        <datadir zip="true">https://raw.githubusercontent.com/NocturnalRepo/repo/master/_zipfiles/</datadir>
        <hashes>false</hashes>
		<dir>
            <info compressed="false">https://raw.githubusercontent.com/teamuniversal/scrapers/master/_modules4all/zips/addons.xml</info>
            <checksum>https://raw.githubusercontent.com/teamuniversal/scrapers/master/_modules4all/zips/addons.xml.md5</checksum>
            <datadir zip="true">https://raw.githubusercontent.com/teamuniversal/scrapers/master/_modules4all/zips/</datadir>
        </dir>
        <dir>
           <info compressed="false">https://raw.githubusercontent.com/Gujal00/smrzips/master/addons.xml</info>
           <checksum>https://raw.githubusercontent.com/Gujal00/smrzips/master/addons.xml.md5</checksum>
           <datadir zip="true">https://raw.githubusercontent.com/Gujal00/smrzips/master/zips/</datadir>
        </dir>
    </extension>
    <extension point="xbmc.addon.metadata">
        <summary lang="en_GB">Nocturnal Repository</summary>
        <description lang="en_GB">Repo from the Nocturnal Team for you.</description>
        <platform>all</platform>
        <assets>
            <icon>icon.png</icon>
        </assets>
    </extension>
</addon>