<?xml version="1.0" encoding="UTF-8"?>
<addon id="skin.whatever.steel" version="99.99" name="Whatever" provider-name="Terror Skins/DS">
	<requires>
		<import addon="xbmc.gui" version="5.14.0" />
		<import addon="script.skinshortcuts" version="1.0.10" />
		<import addon="service.library.data.provider" version="0.0.7" />
		<import addon="script.grab.fanart" version="0.12.8" />
		<import addon="resource.images.studios.white" version="0.0.1" />
		<import addon="resource.images.recordlabels.white" version="0.0.1" />
	</requires>
	<extension point="xbmc.gui.skin" debugging="false">
		<res width="1920" height="1080" aspect="16:9" default="true" folder="16x9" />
	</extension>
	<extension point="xbmc.addon.metadata">
		<summary lang="en_AU">Created by SiLVO, Modded by Terror, and fixed by Handy Andy</summary>
		<summary lang="en_GB">Created by SiLVO, Modded by Terror, and fixed by Handy Andy</summary>
		<summary lang="en_NZ">Created by SiLVO, Modded by Terror, and fixed by Handy Andy</summary>
		<summary lang="en_US">Created by SiLVO, Modded by Terror, and fixed by Handy Andy</summary>
		<description lang="en_AU">Completely redesigned to create a modern look, while retaining the classic Aeon feel.</description>
		<description lang="en_GB">Completely redesigned to create a modern look, while retaining the classic Aeon feel.</description>
		<description lang="en_NZ">Completely redesigned to create a modern look, while retaining the classic Aeon feel.</description>
		<description lang="en_US">Completely redesigned to create a modern look, while retaining the classic Aeon feel.</description>
		<platform>all</platform>
		<license>CC BY-NC-SA 4.0</license>
		<forum>http://</forum>
		<website>https://</website>
		<source>https://</source>
		<assets>
			<icon>icon.png</icon>
			<fanart>fanart.jpg</fanart>
		</assets>
		<news>[I][COLOR FFFF9800]v1.0.7[/COLOR][/I][CR]-Fixed vert widget position when open menu has no widgets[CR]-Add options for widget flip and listselect[CR]-Minor touch up with images and font colors[CR]-Fix icon cases for Jen addon views.[CR][I][COLOR FFFF9800]v1.0.6a[/COLOR][/I][CR]-soft update to fix left media menu text.[CR][I][COLOR FFFF9800]v1.0.6[/COLOR][/I][CR]- Fixed vertical widget layout. Added a 3D veiw to apps manager and favs dialog.[CR][I][COLOR FFFF9800]v1.0.5[/COLOR][/I][CR]- Fixed widget layouts[CR][I][COLOR FFFF9800]v1.0.4[/COLOR][/I][CR]- Changed default menus[CR]- Fixed music addons 3D view[CR][I][COLOR FFFF9800]v1.0.3[/COLOR][/I][CR]- Fixed backround fallback issue.[CR][I][COLOR FFFF9800]v1.0.2[/COLOR][/I][CR]- Added touch screen layout called Touch of Steel[CR]- Added them highlight keyboard, system icons, OSD buttons, spinner, and bar.[CR][I][COLOR FFFF9800]v1.0.1[/COLOR][/I][CR]- Added file manager and skin settings to system settings.[CR][I][COLOR FFFF9800]v1.0.0[/COLOR][/I][CR]- Forked from Aeon NoX SiLVO. Skin options by handy Andy</news>
	</extension>
</addon>
