<?xml version='1.0' encoding='UTF-8'?>
<shortcuts>
	<shortcut>
		<defaultID />
		<label>[COLOR=snow][B][I]News and Updates[/I][/B][/COLOR]</label>
		<label2>Video Add-On</label2>
		<icon>DefaultShortcut.png</icon>
		<thumb>image://D%3a%5cDropbox%5cKodi%5cBuild-Real%20Steel%5cKodi%5cportable_data%5caddons%5cscript.atreides.artwork%5cresources%5cmedia%5catreides%5cicon.png/</thumb>
		<action>ActivateWindow(Videos,"plugin://plugin.video.atreides/?action=newsNavigator&amp;menu_title=[COLOR=snow][B][I]News and Updates[/I][/B][/COLOR]",return)</action>
	</shortcut>
	<shortcut>
		<defaultID />
		<label>Movies</label>
		<label2>Video Add-On</label2>
		<icon>DefaultShortcut.png</icon>
		<thumb>image://D%3a%5cDropbox%5cKodi%5cBuild-Real%20Steel%5cKodi%5cportable_data%5caddons%5cscript.atreides.artwork%5cresources%5cmedia%5catreides%5cmovies.png/</thumb>
		<action>ActivateWindow(Videos,"plugin://plugin.video.atreides/?action=movieNavigator&amp;menu_title=Movies",return)</action>
	</shortcut>
	<shortcut>
		<defaultID />
		<label>TV Shows</label>
		<label2>Video Add-On</label2>
		<icon>DefaultShortcut.png</icon>
		<thumb>image://D%3a%5cDropbox%5cKodi%5cBuild-Real%20Steel%5cKodi%5cportable_data%5caddons%5cscript.atreides.artwork%5cresources%5cmedia%5catreides%5ctvshows.png/</thumb>
		<action>ActivateWindow(Videos,"plugin://plugin.video.atreides/?action=tvNavigator&amp;menu_title=TV Shows",return)</action>
	</shortcut>
	<shortcut>
		<defaultID />
		<label>My Movies</label>
		<label2>Video Add-On</label2>
		<icon>DefaultShortcut.png</icon>
		<thumb>image://D%3a%5cDropbox%5cKodi%5cBuild-Real%20Steel%5cKodi%5cportable_data%5caddons%5cscript.atreides.artwork%5cresources%5cmedia%5catreides%5cmymovies.png/</thumb>
		<action>ActivateWindow(Videos,"plugin://plugin.video.atreides/?action=mymovieNavigator&amp;menu_title=My Movies",return)</action>
	</shortcut>
	<shortcut>
		<defaultID />
		<label>My TV Shows</label>
		<label2>Video Add-On</label2>
		<icon>DefaultShortcut.png</icon>
		<thumb>image://D%3a%5cDropbox%5cKodi%5cBuild-Real%20Steel%5cKodi%5cportable_data%5caddons%5cscript.atreides.artwork%5cresources%5cmedia%5catreides%5cmytvshows.png/</thumb>
		<action>ActivateWindow(Videos,"plugin://plugin.video.atreides/?action=mytvNavigator&amp;menu_title=My TV Shows",return)</action>
	</shortcut>
	<shortcut>
		<defaultID />
		<label>New Movies (Featured)</label>
		<label2>Video Add-On</label2>
		<icon>DefaultShortcut.png</icon>
		<thumb>image://D%3a%5cDropbox%5cKodi%5cBuild-Real%20Steel%5cKodi%5cportable_data%5caddons%5cscript.atreides.artwork%5cresources%5cmedia%5catreides%5clatest-movies.png/</thumb>
		<action>ActivateWindow(Videos,"plugin://plugin.video.atreides/?action=movieWidget&amp;menu_title=New Movies (Featured)",return)</action>
	</shortcut>
	<shortcut>
		<defaultID />
		<label>New Episodes</label>
		<label2>Video Add-On</label2>
		<icon>DefaultShortcut.png</icon>
		<thumb>image://D%3a%5cDropbox%5cKodi%5cBuild-Real%20Steel%5cKodi%5cportable_data%5caddons%5cscript.atreides.artwork%5cresources%5cmedia%5catreides%5clatest-episodes.png/</thumb>
		<action>ActivateWindow(Videos,"plugin://plugin.video.atreides/?action=tvWidget&amp;menu_title=New Episodes",return)</action>
	</shortcut>
	<shortcut>
		<defaultID />
		<label>Channels</label>
		<label2>Video Add-On</label2>
		<icon>DefaultShortcut.png</icon>
		<thumb>image://D%3a%5cDropbox%5cKodi%5cBuild-Real%20Steel%5cKodi%5cportable_data%5caddons%5cscript.atreides.artwork%5cresources%5cmedia%5catreides%5cchannels.png/</thumb>
		<action>ActivateWindow(Videos,"plugin://plugin.video.atreides/?action=channelNavigator&amp;menu_title=Channels",return)</action>
	</shortcut>
	<shortcut>
		<defaultID />
		<label>Boxsets</label>
		<label2>Video Add-On</label2>
		<icon>DefaultShortcut.png</icon>
		<thumb>image://D%3a%5cDropbox%5cKodi%5cBuild-Real%20Steel%5cKodi%5cportable_data%5caddons%5cscript.atreides.artwork%5cresources%5cmedia%5catreides%5cboxsets.png/</thumb>
		<action>ActivateWindow(Videos,"plugin://plugin.video.atreides/?action=boxsetNavigator&amp;menu_file=boxsets_main&amp;menu_section=boxsets_main&amp;menu_title=Boxsets",return)</action>
	</shortcut>
	<shortcut>
		<defaultID />
		<label>Documentaries</label>
		<label2>Video Add-On</label2>
		<icon>DefaultShortcut.png</icon>
		<thumb>image://D%3a%5cDropbox%5cKodi%5cBuild-Real%20Steel%5cKodi%5cportable_data%5caddons%5cscript.atreides.artwork%5cresources%5cmedia%5catreides%5cmovies.png/</thumb>
		<action>ActivateWindow(Videos,"plugin://plugin.video.atreides/?action=docuNavigator&amp;menu_title=Documentaries",return)</action>
	</shortcut>
	<shortcut>
		<defaultID />
		<label>Kids Corner</label>
		<label2>Video Add-On</label2>
		<icon>DefaultShortcut.png</icon>
		<thumb>image://D%3a%5cDropbox%5cKodi%5cBuild-Real%20Steel%5cKodi%5cportable_data%5caddons%5cscript.atreides.artwork%5cresources%5cmedia%5catreides%5ckidscorner.png/</thumb>
		<action>ActivateWindow(Videos,"plugin://plugin.video.atreides/?action=menu&amp;menu_file=kidscorner&amp;menu_section=kidscorner_root&amp;menu_title=Kids Corner",return)</action>
	</shortcut>
	<shortcut>
		<defaultID />
		<label>Fitness Zone</label>
		<label2>Video Add-On</label2>
		<icon>DefaultShortcut.png</icon>
		<thumb>image://D%3a%5cDropbox%5cKodi%5cBuild-Real%20Steel%5cKodi%5cportable_data%5caddons%5cscript.atreides.artwork%5cresources%5cmedia%5catreides%5cfitness.png/</thumb>
		<action>ActivateWindow(Videos,"plugin://plugin.video.atreides/?action=fitness&amp;menu_title=Fitness Zone",return)</action>
	</shortcut>
	<shortcut>
		<defaultID />
		<label>The Kitchen</label>
		<label2>Video Add-On</label2>
		<icon>DefaultShortcut.png</icon>
		<thumb>image://D%3a%5cDropbox%5cKodi%5cBuild-Real%20Steel%5cKodi%5cportable_data%5caddons%5cscript.atreides.artwork%5cresources%5cmedia%5catreides%5ckitchen.png/</thumb>
		<action>ActivateWindow(Videos,"plugin://plugin.video.atreides/?action=menu&amp;menu_file=food&amp;menu_section=food_root&amp;menu_title=The Kitchen&amp;menu_sort=Label",return)</action>
	</shortcut>
	<shortcut>
		<defaultID />
		<label>Radio</label>
		<label2>Video Add-On</label2>
		<icon>DefaultShortcut.png</icon>
		<thumb>image://D%3a%5cDropbox%5cKodi%5cBuild-Real%20Steel%5cKodi%5cportable_data%5caddons%5cscript.atreides.artwork%5cresources%5cmedia%5catreides%5cradio.png/</thumb>
		<action>ActivateWindow(Videos,"plugin://plugin.video.atreides/?action=menu&amp;menu_file=radio&amp;menu_section=radio_root&amp;menu_title=Radio",return)</action>
	</shortcut>
	<shortcut>
		<defaultID />
		<label>Podcasts</label>
		<label2>Video Add-On</label2>
		<icon>DefaultShortcut.png</icon>
		<thumb>image://D%3a%5cDropbox%5cKodi%5cBuild-Real%20Steel%5cKodi%5cportable_data%5caddons%5cscript.atreides.artwork%5cresources%5cmedia%5catreides%5cpodcast.png/</thumb>
		<action>ActivateWindow(Videos,"plugin://plugin.video.atreides/?action=podcastNavigator&amp;menu_title=Podcasts",return)</action>
	</shortcut>
	<shortcut>
		<defaultID />
		<label>Tools</label>
		<label2>Video Add-On</label2>
		<icon>DefaultShortcut.png</icon>
		<thumb>image://D%3a%5cDropbox%5cKodi%5cBuild-Real%20Steel%5cKodi%5cportable_data%5caddons%5cscript.atreides.artwork%5cresources%5cmedia%5catreides%5ctools.png/</thumb>
		<action>ActivateWindow(Videos,"plugin://plugin.video.atreides/?action=menu&amp;menu_file=utilities&amp;menu_section=tools_menu&amp;menu_title=Tools",return)</action>
	</shortcut>
	<shortcut>
		<defaultID />
		<label>Search</label>
		<label2>Video Add-On</label2>
		<icon>DefaultShortcut.png</icon>
		<thumb>image://D%3a%5cDropbox%5cKodi%5cBuild-Real%20Steel%5cKodi%5cportable_data%5caddons%5cscript.atreides.artwork%5cresources%5cmedia%5catreides%5csearch.png/</thumb>
		<action>ActivateWindow(Videos,"plugin://plugin.video.atreides/?action=menu&amp;menu_file=utilities&amp;menu_section=search_menu&amp;menu_title=Search",return)</action>
	</shortcut>
</shortcuts>
