<?xml version="1.0" encoding="UTF-8"?>
<shortcuts>
	<shortcut>
		<defaultID />
		<label>Atreides Trending</label>
		<label2>Video Add-On</label2>
		<icon>DefaultShortcut.png</icon>
		<thumb>image://D%3a%5cDropbox%5cKodi%5cBuild-Real%20Steel%5cKodi%5cportable_data%5caddons%5cscript.atreides.artwork%5cresources%5cmedia%5catreides%5cpeople-watching.png/</thumb>
		<action>ActivateWindow(Videos,"plugin://plugin.video.atreides/?action=movies&amp;url=trending",return)</action>
		<visible>System.HasAddon(plugin.video.atreides)</visible>
	</shortcut>
	<shortcut>
		<defaultID />
		<label>Atreides Popular</label>
		<label2>Video Add-On</label2>
		<icon>DefaultShortcut.png</icon>
		<thumb>image://D%3a%5cDropbox%5cKodi%5cBuild-Real%20Steel%5cKodi%5cportable_data%5caddons%5cscript.atreides.artwork%5cresources%5cmedia%5catreides%5cmost-popular.png/</thumb>
		<action>ActivateWindow(Videos,"plugin://plugin.video.atreides/?action=movies&amp;url=popular",return)</action>
		<visible>System.HasAddon(plugin.video.atreides)</visible>
	</shortcut>
	<shortcut>
		<defaultID />
		<label>Atreides New</label>
		<label2>Video Add-On</label2>
		<icon>DefaultShortcut.png</icon>
		<thumb>image://D%3a%5cDropbox%5cKodi%5cBuild-Real%20Steel%5cKodi%5cportable_data%5caddons%5cscript.atreides.artwork%5cresources%5cmedia%5catreides%5clatest-movies.png/</thumb>
		<action>ActivateWindow(Videos,"plugin://plugin.video.atreides/?action=movieWidget",return)</action>
		<visible>System.HasAddon(plugin.video.atreides)</visible>
	</shortcut>
	<shortcut>
		<defaultID />
		<label>Atreides Search</label>
		<label2>Video Add-On</label2>
		<icon>DefaultShortcut.png</icon>
		<thumb>image://D%3a%5cDropbox%5cKodi%5cBuild-Real%20Steel%5cKodi%5cportable_data%5caddons%5cscript.atreides.artwork%5cresources%5cmedia%5catreides%5csearch.png/</thumb>
		<action>ActivateWindow(Videos,"plugin://plugin.video.atreides/?action=movieSearch",return)</action>
		<visible>System.HasAddon(plugin.video.atreides)</visible>
	</shortcut>
	<shortcut>
		<defaultID>16101</defaultID>
		<label>16101</label>
		<label2 />
		<icon />
		<thumb />
		<action>ActivateWindow(Videos,special://skin/extras/UnwatchedMovies.xsp,return)</action>
	</shortcut>
	<shortcut>
		<defaultID>575</defaultID>
		<label>575</label>
		<label2 />
		<icon />
		<thumb />
		<action>ActivateWindow(Videos,special://skin/extras/InProgressMovies.xsp,return)</action>
		<disabled>True</disabled>
	</shortcut>
	<shortcut>
		<defaultID>31328</defaultID>
		<label>31328</label>
		<label2 />
		<icon />
		<thumb />
		<action>ActivateWindow(Videos,videodb://recentlyaddedmovies/,return)</action>
	</shortcut>
	<shortcut>
		<defaultID>20434</defaultID>
		<label>20434</label>
		<label2 />
		<icon />
		<thumb />
		<action>ActivateWindow(Videos,videodb://movies/sets/,return)</action>
		<disabled>True</disabled>
	</shortcut>
	<shortcut>
		<defaultID>135</defaultID>
		<label>135</label>
		<label2 />
		<icon />
		<thumb />
		<action>ActivateWindow(Videos,videodb://movies/genres/,return)</action>
	</shortcut>
	<shortcut>
		<defaultID>652</defaultID>
		<label>652</label>
		<label2 />
		<icon />
		<thumb />
		<action>ActivateWindow(Videos,videodb://movies/years/,return)</action>
		<disabled>True</disabled>
	</shortcut>
	<shortcut>
		<defaultID>344</defaultID>
		<label>344</label>
		<label2 />
		<icon />
		<thumb />
		<action>ActivateWindow(Videos,videodb://movies/actors/,return)</action>
		<disabled>True</disabled>
	</shortcut>
	<shortcut>
		<defaultID>20459</defaultID>
		<label>20459</label>
		<label2 />
		<icon />
		<thumb />
		<action>ActivateWindow(Videos,videodb://movies/tags/,return)</action>
		<disabled>True</disabled>
	</shortcut>
</shortcuts>