<?xml version="1.0" encoding="UTF-8"?>
<overrides>
	<groupoverride group="mainmenu" condition="String.IsEqual(ListItem.Property(path),ActivateWindow(1129))">SetProperty(CustomSelectSearch,True,Home)</groupoverride>
	<visibleoverride condition="Library.HasContent(music)">ActivateWindow(music,files)</visibleoverride>
	<visibleoverride condition="Library.HasContent(movies)">ActivateWindow(videos,files,return)</visibleoverride>
	<visibleoverride condition="Library.HasContent(tvshows)">ActivateWindow(videos,files,return)</visibleoverride>
	<visibleoverride condition="Library.HasContent(musicvideos)">ActivateWindow(videos,files,return)</visibleoverride>
	<visibleoverride condition="System.HasPVRAddon">ActivateWindow(addonbrowser,addons://repository.xbmc.org/xbmc.pvrclient,return)</visibleoverride>
	<visibleoverride condition="!String.IsEmpty(Weather.Plugin)">ActivateWindow(servicesettings,weather)</visibleoverride>
	<warn heading="19098" message="31377">ActivateWindow(Settings)</warn>
	<warn heading="19098" message="31377">ActivateWindow(SkinSettings)</warn>
	<alwaysRestore>True</alwaysRestore>
	<defaultwidgetsGetMore>False</defaultwidgetsGetMore>
	<thumbnailBrowseDefault>special://skin/media/</thumbnailBrowseDefault>
	<!-- Backgrounds -->
	<backgroundBrowse>True</backgroundBrowse>
	<background label="31062" condition="System.HasAddon(script.grab.fanart)">Movie.Fanart</background>
	<background label="31063" condition="System.HasAddon(script.grab.fanart)">TV.Fanart</background>
	<background label="31064" condition="System.HasAddon(script.grab.fanart)">Video.Fanart</background>
	<background label="31065" condition="System.HasAddon(script.grab.fanart)">Music.Fanart</background>
	<background label="31066" condition="System.HasAddon(script.grab.fanart)">Global.Fanart</background>
	<background label="31084" condition="!String.IsEmpty(Skin.String(weatherfanart.path))">Weather.Fanart</background>
	<background label="Live Background: Recent movies" condition="String.IsEmpty(Window(Home).Property(No.Cases))">s:live|i:recent movies</background>
	<background label="Live Background: Recent episodes" condition="String.IsEmpty(Window(Home).Property(No.Cases))">s:live|i:recent episodes</background>
	<background label="Live Background: ::PLAYLIST::" condition="String.IsEmpty(Window(Home).Property(No.Cases))">s:live|i:playlist</background>
	<background label="Live Background: Random songs" condition="String.IsEmpty(Window(Home).Property(No.Cases)) + System.HasAddon(service.library.data.provider)">s:live|i:songs</background>
	<background label="Live Background: Random albums" condition="String.IsEmpty(Window(Home).Property(No.Cases)) + System.HasAddon(service.library.data.provider)">s:live|i:albums</background>
	<background label="::PLAYLIST::" condition="String.IsEmpty(Window(Home).Property(No.Cases))">s:playlist|i:playlist</background>
	<!-- Infolines -->
	<property property="InfoLine">31052</property>
	<property property="InfoLine">31053</property>
	<property property="InfoLine">31054</property>
	<property property="InfoLine">31085</property>
	<property property="InfoLine">31058</property>
	<property property="InfoLine">20088</property>
	<property property="InfoLine">130</property>
	<property property="InfoLine" condition="System.HasAddon(script.skin.helper.service)">31061</property>
	<property property="InfoLine" condition="System.HasAddon(script.skin.helper.service)">31800</property>
	<property property="InfoLine" condition="System.HasAddon(script.skin.helper.service)">31801</property>
	<property property="InfoLine" condition="System.HasAddon(script.skin.helper.service)">31802</property>
	<property property="InfoLine" condition="System.HasAddon(script.skin.helper.service)">31803</property>
	<property property="InfoLine" condition="System.HasAddon(script.skin.helper.service)">31804</property>
	<property property="InfoLine">31097</property>
	<property property="InfoLine">31098</property>
	<property property="InfoLine">31099</property>
	<!-- Widgets -->
	<widget-groupings>
		<node label="20342">
			<shortcut label="$ADDON[service.library.data.provider 32004]" condition="System.HasAddon(service.library.data.provider)" icon="logos/ldp-logo.png" widget="library" widgetType="movies" widgetTarget="video">plugin://service.library.data.provider?type=randommovies&amp;reload=$INFO[Window.Property(randommovies)]</shortcut>
			<shortcut label="$ADDON[service.library.data.provider 32005]" condition="System.HasAddon(service.library.data.provider)" icon="logos/ldp-logo.png" widget="library" widgetType="movies" widgetTarget="video">plugin://service.library.data.provider?type=recentmovies&amp;reload=$INFO[Window.Property(recentmovies)]</shortcut>
			<shortcut label="$ADDON[service.library.data.provider 32006]" condition="System.HasAddon(service.library.data.provider)" icon="logos/ldp-logo.png" widget="library" widgetType="movies" widgetTarget="video">plugin://service.library.data.provider?type=recommendedmovies&amp;reload=$INFO[Window.Property(recommendedmovies)]</shortcut>
			<shortcut label="20386" icon="logos/kodi.png" widget="library" widgetType="movies" widgetTarget="video">videodb://recentlyaddedmovies/</shortcut>
			<shortcut label="20434" icon="logos/kodi-sets.png" condition="Library.HasContent(MovieSets)" widget="library" widgetType="sets" widgetTarget="video">library://video/movies/sets.xml/</shortcut>
			<shortcut label="31732" icon="logos/kodi-pl.png" condition="Library.HasContent(Movies)" widget="library" widgetType="movies" widgetTarget="video">special://skin/extras/InProgressMovies.xsp</shortcut>
			<shortcut label="$LOCALIZE[13409]" icon="logos/kodi-pl.png" condition="Library.HasContent(Movies)" widget="library" widgetType="movies" widgetTarget="video">special://skin/extras/Top250.xsp</shortcut>
			<shortcut label="$ADDON[script.skin.helper.widgets 32048]" condition="System.HasAddon(script.skin.helper.widgets)" icon="logos/shs-logo.png" widget="library" widgetType="movies" widgetTarget="video">plugin://script.skin.helper.widgets/?action=random&amp;mediatype=movies&amp;reload=$INFO[Window(Home).Property(widgetreload-movies)]</shortcut>
			<shortcut label="$ADDON[script.skin.helper.widgets 32038]" condition="System.HasAddon(script.skin.helper.widgets)" icon="logos/shs-logo.png" widget="library" widgetType="movies" widgetTarget="video">plugin://script.skin.helper.widgets/?action=recent&amp;mediatype=movies&amp;reload=$INFO[Window(Home).Property(widgetreload-movies)]</shortcut>
			<shortcut label="$ADDON[script.skin.helper.widgets 32046]" condition="System.HasAddon(script.skin.helper.widgets)" icon="logos/shs-logo.png" widget="library" widgetType="movies" widgetTarget="video">plugin://script.skin.helper.widgets/?action=recommended&amp;mediatype=movies&amp;reload=$INFO[Window(Home).Property(widgetreload-movies)]</shortcut>
			<shortcut label="$ADDON[script.skin.helper.widgets 32066]" condition="System.HasAddon(script.skin.helper.widgets)" icon="logos/shs-logo.png" widget="library" widgetType="movies" widgetTarget="video">plugin://script.skin.helper.widgets/?action=unwatched&amp;mediatype=movies&amp;reload=$INFO[Window(Home).Property(widgetreload-movies)]</shortcut>
			<shortcut label="$ADDON[script.skin.helper.widgets 32003]" condition="System.HasAddon(script.skin.helper.widgets)" icon="logos/shs-logo.png" widget="library" widgetType="movies" widgetTarget="video">plugin://script.skin.helper.widgets/?action=top250&amp;mediatype=movies&amp;reload=$INFO[Window(Home).Property(widgetreload-movies)]</shortcut>
			<shortcut label="$ADDON[script.skin.helper.widgets 32028]" condition="System.HasAddon(script.skin.helper.widgets)" icon="logos/shs-logo.png" widget="library" widgetType="movies" widgetTarget="video">plugin://script.skin.helper.widgets/?action=inprogress&amp;mediatype=movies&amp;reload=$INFO[Window(Home).Property(widgetreload-movies)]</shortcut>
			<shortcut label="$ADDON[script.skin.helper.widgets 32029]" condition="System.HasAddon(script.skin.helper.widgets)" icon="logos/shs-logo.png" widget="library" widgetType="movies" widgetTarget="video">plugin://script.skin.helper.widgets/?action=inprogressandrecommended&amp;mediatype=movies&amp;reload=$INFO[Window(Home).Property(widgetreload-movies)]</shortcut>
			<shortcut label="$ADDON[script.skin.helper.widgets 32006]" condition="System.HasAddon(script.skin.helper.widgets)" icon="logos/shs-logo.png" widget="library" widgetType="movies" widgetTarget="video">plugin://script.skin.helper.widgets/?action=similar&amp;mediatype=movies&amp;reload=$INFO[Window(Home).Property(widgetreload-movies)]</shortcut>
			<shortcut label="31734" condition="System.HasAddon(script.skin.helper.widgets)" icon="logos/shs-logo.png" widget="library" widgetType="movies" widgetTarget="video">plugin://script.skin.helper.widgets/?action=forgenre&amp;mediatype=movies&amp;reload=$INFO[Window(Home).Property(widgetreload2)]</shortcut>
			<shortcut label="$LOCALIZE[10134]" condition="System.HasAddon(script.skin.helper.widgets)" icon="logos/shs-logo.png" widget="library" widgetType="movies" widgetTarget="video">plugin://script.skin.helper.widgets/?action=favourites&amp;mediatype=movies&amp;reload=$INFO[Window(Home).Property(widgetreload-movies)]</shortcut>
			<shortcut label="$ADDON[script.extendedinfo 32047]" condition="System.HasAddon(script.extendedinfo)" icon="logos/trakt-logo.png" widget="trakt" widgetType="movies" widgetTarget="video">plugin://script.extendedinfo?info=trendingmovies</shortcut>
			<shortcut label="$ADDON[script.extendedinfo 32042]" condition="System.HasAddon(script.extendedinfo)" icon="logos/tmdb-logo.png" widget="tmdb" widgetType="movies" widgetTarget="video">plugin://script.extendedinfo?info=incinemamovies</shortcut>
			<shortcut label="$ADDON[script.extendedinfo 32043]" condition="System.HasAddon(script.extendedinfo)" icon="logos/tmdb-logo.png" widget="tmdb" widgetType="movies" widgetTarget="video">plugin://script.extendedinfo?info=upcomingmovies</shortcut>
			<shortcut label="$ADDON[script.extendedinfo 32044]" condition="System.HasAddon(script.extendedinfo)" icon="logos/tmdb-logo.png" widget="tmdb" widgetType="movies" widgetTarget="video">plugin://script.extendedinfo?info=popularmovies</shortcut>
			<shortcut label="$ADDON[script.extendedinfo 32046]" condition="System.HasAddon(script.extendedinfo)" icon="logos/tmdb-logo.png" widget="tmdb" widgetType="movies" widgetTarget="video">plugin://script.extendedinfo?info=topratedmovies</shortcut>
		</node>
		<node label="20343">
			<shortcut label="$ADDON[script.skin.helper.widgets 32041]" condition="System.HasAddon(script.skin.helper.widgets)" icon="logos/shs-logo.png" widget="library" widgetType="tvshows" widgetTarget="video">plugin://script.skin.helper.widgets/?action=random&amp;mediatype=tvshows&amp;reload=$INFO[Window(Home).Property(widgetreload-tvshows)]</shortcut>
			<shortcut label="$ADDON[script.skin.helper.widgets 32045]" condition="System.HasAddon(script.skin.helper.widgets)" icon="logos/shs-logo.png" widget="library" widgetType="tvshows" widgetTarget="video">plugin://script.skin.helper.widgets/?action=recent&amp;mediatype=tvshows&amp;reload=$INFO[Window(Home).Property(widgetreload-tvshows)]</shortcut>
			<shortcut label="$ADDON[script.skin.helper.widgets 32037]" condition="System.HasAddon(script.skin.helper.widgets)" icon="logos/shs-logo.png" widget="library" widgetType="tvshows" widgetTarget="video">plugin://script.skin.helper.widgets/?action=recommended&amp;mediatype=tvshows&amp;reload=$INFO[Window(Home).Property(widgetreload-tvshows)]</shortcut>
			<shortcut label="$ADDON[script.skin.helper.widgets 32047]" condition="System.HasAddon(script.skin.helper.widgets)" icon="logos/shs-logo.png" widget="library" widgetType="tvshows" widgetTarget="video">plugin://script.skin.helper.widgets/?action=top250&amp;mediatype=tvshows&amp;reload=$INFO[Window(Home).Property(widgetreload-tvshows)]</shortcut>
			<shortcut label="$ADDON[script.skin.helper.widgets 32044]" condition="System.HasAddon(script.skin.helper.widgets)" icon="logos/shs-logo.png" widget="library" widgetType="tvshows" widgetTarget="video">plugin://script.skin.helper.widgets/?action=inprogress&amp;mediatype=tvshows&amp;reload=$INFO[Window(Home).Property(widgetreload-tvshows)]</shortcut>
			<shortcut label="$ADDON[script.skin.helper.widgets 32014]" condition="System.HasAddon(script.skin.helper.widgets)" icon="logos/shs-logo.png" widget="library" widgetType="tvshows" widgetTarget="video">plugin://script.skin.helper.widgets/?action=similar&amp;mediatype=tvshows&amp;reload=$INFO[Window(Home).Property(widgetreload-tvshows)]</shortcut>
			<shortcut label="31734" condition="System.HasAddon(script.skin.helper.widgets)" icon="logos/shs-logo.png" widget="library" widgetType="tvshows" widgetTarget="video">plugin://script.skin.helper.widgets/?action=forgenre&amp;mediatype=tvshows&amp;reload=$INFO[Window(Home).Property(widgetreload2)]</shortcut>
			<shortcut label="$ADDON[script.tv.show.next.aired 32101]" condition="System.HasAddon(script.skin.helper.widgets) + System.HasAddon(script.tv.show.next.aired)" icon="logos/tsna-logo.png" widget="library" widgetType="tvshows" widgetTarget="video">plugin://script.skin.helper.widgets/?action=nextairedtvshows&amp;reload=$INFO[Window(Home).Property(widgetreload2)]</shortcut>
			<shortcut label="626" icon="logos/kodi.png" condition="Library.HasContent(TVShows)" widget="library" widgetType="tvshows" widgetTarget="video">library://video/tvshows/inprogressshows.xml</shortcut>
			<shortcut label="$ADDON[script.extendedinfo 32032]" condition="System.HasAddon(script.extendedinfo)" icon="logos/trakt-logo.png" widget="trakt" widgetType="tvshows" widgetTarget="video">plugin://script.extendedinfo?info=trendingshows</shortcut>
			<shortcut label="$ADDON[script.extendedinfo 32041]" condition="System.HasAddon(script.extendedinfo)" icon="logos/tmdb-logo.png" widget="tmdb" widgetType="tvshows" widgetTarget="video">plugin://script.extendedinfo?info=populartvshows</shortcut>
			<shortcut label="$ADDON[script.extendedinfo 32040]" condition="System.HasAddon(script.extendedinfo)" icon="logos/tmdb-logo.png" widget="tmdb" widgetType="tvshows" widgetTarget="video">plugin://script.extendedinfo?info=topratedtvshows</shortcut>
			<shortcut label="$ADDON[script.extendedinfo 32039]" condition="System.HasAddon(script.extendedinfo)" icon="logos/tmdb-logo.png" widget="tmdb" widgetType="tvshows" widgetTarget="video">plugin://script.extendedinfo?info=onairtvshows</shortcut>
			<shortcut label="$ADDON[script.extendedinfo 32038]" condition="System.HasAddon(script.extendedinfo)" icon="logos/tmdb-logo.png" widget="tmdb" widgetType="tvshows" widgetTarget="video">plugin://script.extendedinfo?info=airingtodaytvshows</shortcut>
		</node>
		<node label="20360">
			<shortcut label="$ADDON[service.library.data.provider 32007]" condition="System.HasAddon(service.library.data.provider)" icon="logos/ldp-logo.png" widget="library" widgetType="episodes" widgetTarget="video">plugin://service.library.data.provider?type=randomepisodes&amp;reload=$INFO[Window.Property(randomepisodes)]</shortcut>
			<shortcut label="$ADDON[service.library.data.provider 32008]" condition="System.HasAddon(service.library.data.provider)" icon="logos/ldp-logo.png" widget="library" widgetType="episodes" widgetTarget="video">plugin://service.library.data.provider?type=recentepisodes&amp;reload=$INFO[Window.Property(recentepisodes)]</shortcut>
			<shortcut label="$ADDON[service.library.data.provider 32010]" condition="System.HasAddon(service.library.data.provider)" icon="logos/ldp-logo.png" widget="library" widgetType="episodes" widgetTarget="video">plugin://service.library.data.provider?type=recommendedepisodes&amp;reload=$INFO[Window.Property(recommendedepisodes)]</shortcut>
			<shortcut label="20387" icon="logos/kodi.png" widget="library" widgetType="episodes" widgetTarget="video">videodb://recentlyaddedepisodes/</shortcut>
			<shortcut label="31733" icon="logos/kodi-pl.png" condition="Library.HasContent(TVShows)" widget="library" widgetType="episodes" widgetTarget="video">special://skin/extras/InProgressEpisodes.xsp</shortcut>
			<shortcut label="$ADDON[script.skin.helper.widgets 32008]" condition="System.HasAddon(script.skin.helper.widgets)" icon="logos/shs-logo.png" widget="library" widgetType="episodes" widgetTarget="video">plugin://script.skin.helper.widgets/?action=random&amp;mediatype=episodes&amp;reload=$INFO[Window(Home).Property(widgetreload-episodes)]</shortcut>
			<shortcut label="$ADDON[script.skin.helper.widgets 32039]" condition="System.HasAddon(script.skin.helper.widgets)" icon="logos/shs-logo.png" widget="library" widgetType="episodes" widgetTarget="video">plugin://script.skin.helper.widgets/?action=recent&amp;mediatype=episodes&amp;reload=$INFO[Window(Home).Property(widgetreload-episodes)]</shortcut>
			<shortcut label="$ADDON[script.skin.helper.widgets 32009]" condition="System.HasAddon(script.skin.helper.widgets)" icon="logos/shs-logo.png" widget="library" widgetType="episodes" widgetTarget="video">plugin://script.skin.helper.widgets/?action=recommended&amp;mediatype=episodes&amp;reload=$INFO[Window(Home).Property(widgetreload-episodes)]</shortcut>
			<shortcut label="$ADDON[script.skin.helper.widgets 32027]" condition="System.HasAddon(script.skin.helper.widgets)" icon="logos/shs-logo.png" widget="library" widgetType="episodes" widgetTarget="video">plugin://script.skin.helper.widgets/?action=inprogress&amp;mediatype=episodes&amp;reload=$INFO[Window(Home).Property(widgetreload-episodes)]</shortcut>
			<shortcut label="$ADDON[script.skin.helper.widgets 32010]" condition="System.HasAddon(script.skin.helper.widgets)" icon="logos/shs-logo.png" widget="library" widgetType="episodes" widgetTarget="video">plugin://script.skin.helper.widgets/?action=inprogressandrecommended&amp;mediatype=episodes&amp;reload=$INFO[Window(Home).Property(widgetreload-episodes)]</shortcut>
			<shortcut label="$ADDON[script.skin.helper.widgets 32049]" condition="System.HasAddon(script.skin.helper.widgets)" icon="logos/shs-logo.png" widget="library" widgetType="episodes" widgetTarget="video">plugin://script.skin.helper.widgets/?action=inprogressandrandom&amp;mediatype=episodes&amp;reload=$INFO[Window(Home).Property(widgetreload-episodes)]</shortcut>
			<shortcut label="$ADDON[script.skin.helper.widgets 32002]" condition="System.HasAddon(script.skin.helper.widgets)" icon="logos/shs-logo.png" widget="library" widgetType="episodes" widgetTarget="video">plugin://script.skin.helper.widgets/?action=next&amp;mediatype=episodes&amp;reload=$INFO[Window(Home).Property(widgetreload-episodes)]</shortcut>
			<shortcut label="$ADDON[script.skin.helper.widgets 32043]" condition="System.HasAddon(script.skin.helper.widgets)" icon="logos/shs-logo.png" widget="library" widgetType="episodes" widgetTarget="video">plugin://script.skin.helper.widgets/?action=nextaired&amp;mediatype=episodes&amp;reload=$INFO[Window(Home).Property(widgetreload-episodes)]</shortcut>
			<shortcut label="$ADDON[script.skin.helper.widgets 32042]" condition="System.HasAddon(script.skin.helper.widgets)" icon="logos/shs-logo.png" widget="library" widgetType="episodes" widgetTarget="video">plugin://script.skin.helper.widgets/?action=unaired&amp;mediatype=episodes&amp;reload=$INFO[Window(Home).Property(widgetreload-episodes)]</shortcut>
			<shortcut label="$ADDON[script.skin.helper.widgets 32068]" condition="System.HasAddon(script.skin.helper.widgets)" icon="logos/shs-logo.png" widget="library" widgetType="episodes" widgetTarget="video">plugin://script.skin.helper.widgets/?action=airingtoday&amp;mediatype=episodes&amp;reload=$INFO[Window(Home).Property(widgetreload-episodes)]</shortcut>
			<shortcut label="$LOCALIZE[10134]" condition="System.HasAddon(script.skin.helper.widgets)" icon="logos/shs-logo.png" widget="library" widgetType="episodes" widgetTarget="video">plugin://script.skin.helper.widgets/?action=favourites&amp;mediatype=episodes&amp;reload=$INFO[Window(Home).Property(widgetreload-episodes)]</shortcut>
			<shortcut label="$ADDON[script.extendedinfo 32028]" condition="System.HasAddon(script.extendedinfo)" icon="logos/trakt-logo.png" widget="trakt" widgetType="tvshows" widgetTarget="video">plugin://script.extendedinfo?info=airingepisodes</shortcut>
			<shortcut label="$ADDON[script.extendedinfo 32029]" condition="System.HasAddon(script.extendedinfo)" icon="logos/trakt-logo.png" widget="trakt" widgetType="tvshows" widgetTarget="video">plugin://script.extendedinfo?info=premiereepisodes</shortcut>
		</node>
		<node label="31502">
			<shortcut label="$LOCALIZE[19287]" condition="System.HasPVRAddon" icon="logos/kodi.png" widget="pvr" widgetType="pvr" widgetTarget="pvr">pvr://channels/tv/*</shortcut>
			<shortcut label="$LOCALIZE[31440]" condition="System.HasPVRAddon" icon="logos/kodi.png" widget="pvr" widgetType="pvr" widgetTarget="pvr">pvr://channels/tv/*?view=lastplayed</shortcut>
			<shortcut label="$ADDON[script.skin.helper.widgets 32020]" condition="System.HasAddon(script.skin.helper.widgets)" icon="logos/shs-logo.png" widget="pvr" widgetType="pvr" widgetTarget="pvr">plugin://script.skin.helper.widgets/?action=channels&amp;mediatype=pvr&amp;reload=$INFO[Window(Home).Property(widgetreload2)]</shortcut>
			<shortcut label="$ADDON[script.skin.helper.widgets 32069]" condition="System.HasAddon(script.skin.helper.widgets)" icon="logos/shs-logo.png" widget="pvr" widgetType="pvr" widgetTarget="pvr">plugin://script.skin.helper.widgets/?action=lastchannels&amp;mediatype=pvr&amp;reload=$INFO[Window(Home).Property(widgetreload2)]</shortcut>
			<shortcut label="$ADDON[script.skin.helper.widgets 32018]" condition="System.HasAddon(script.skin.helper.widgets)" icon="logos/shs-logo.png" widget="pvr" widgetType="pvr" widgetTarget="pvr">plugin://script.skin.helper.widgets/?action=recordings&amp;mediatype=pvr&amp;reload=$INFO[Window(Home).Property(widgetreload2)]</shortcut>
			<shortcut label="$ADDON[script.skin.helper.widgets 32019]" condition="System.HasAddon(script.skin.helper.widgets)" icon="logos/shs-logo.png" widget="pvr" widgetType="pvr" widgetTarget="pvr">plugin://script.skin.helper.widgets/?action=nextrecordings&amp;mediatype=pvr&amp;reload=$INFO[Window(Home).Property(widgetreload2)]</shortcut>
			<shortcut label="$ADDON[script.skin.helper.widgets 32031]" condition="System.HasAddon(script.skin.helper.widgets)" icon="logos/shs-logo.png" widget="pvr" widgetType="pvr" widgetTarget="pvr">plugin://script.skin.helper.widgets/?action=nextrecordings&amp;mediatype=pvr&amp;reversed=true&amp;reload=$INFO[Window(Home).Property(widgetreload2)]</shortcut>
			<shortcut label="$ADDON[script.skin.helper.widgets 32021]" condition="System.HasAddon(script.skin.helper.widgets)" icon="logos/shs-logo.png" widget="pvr" widgetType="pvr" widgetTarget="pvr">plugin://script.skin.helper.widgets/?action=timers&amp;mediatype=pvr&amp;reload=$INFO[Window(Home).Property(widgetreload2)]</shortcut>
		</node>
		<node label="2">
			<shortcut label="$ADDON[service.library.data.provider 32017]" condition="System.HasAddon(service.library.data.provider)" icon="logos/ldp-logo.png" widget="library" widgetType="albums" widgetTarget="music">plugin://service.library.data.provider?type=recentalbums&amp;reload=$INFO[Window.Property(recentalbums)]</shortcut>
			<shortcut label="$ADDON[service.library.data.provider 32016]" condition="System.HasAddon(service.library.data.provider)" icon="logos/ldp-logo.png" widget="library" widgetType="albums" widgetTarget="music">plugin://service.library.data.provider?type=randomalbums&amp;reload=$INFO[Window.Property(randomalbums)]</shortcut>
			<shortcut label="$ADDON[service.library.data.provider 32018]" condition="System.HasAddon(service.library.data.provider)" icon="logos/ldp-logo.png" widget="library" widgetType="albums" widgetTarget="music">plugin://service.library.data.provider?type=recommendedalbums&amp;reload=$INFO[Window.Property(recommendedalbums)]</shortcut>
			<shortcut label="$ADDON[service.library.data.provider 32015]" condition="System.HasAddon(service.library.data.provider)" icon="logos/ldp-logo.png" widget="library" widgetType="songs" widgetTarget="music">plugin://service.library.data.provider?type=randomsongs&amp;reload=$INFO[Window.Property(randomsongs)]</shortcut>
			<shortcut label="359" icon="logos/kodi.png" condition="Library.HasContent(Music)" widget="library" widgetType="albums" widgetTarget="music">musicdb://recentlyaddedalbums/</shortcut>
			<shortcut label="517" icon="logos/kodi.png" condition="Library.HasContent(Music)" widget="library" widgetType="albums" widgetTarget="music">musicdb://recentlyplayedalbums/</shortcut>
			<shortcut label="521" icon="logos/kodi.png" condition="Library.HasContent(Music)" widget="library" widgetType="albums" widgetTarget="music">musicdb://compilations/</shortcut>
			<shortcut label="10505" icon="logos/kodi.png" condition="Library.HasContent(Music)" widget="library" widgetType="albums" widgetTarget="music"> musicdb://top100/albums/</shortcut>
			<shortcut label="10504" icon="logos/kodi.png" condition="Library.HasContent(Music)" widget="library" widgetType="songs" widgetTarget="music">musicdb://top100/songs/</shortcut>
			<shortcut label="359" condition="System.HasAddon(script.skin.helper.widgets)" icon="logos/shs-logo.png" widget="library" widgetType="albums" widgetTarget="music">plugin://script.skin.helper.widgets/?action=recentalbums&amp;reload=$INFO[Window(Home).Property(widgetreload-music)]</shortcut>
			<shortcut label="517" condition="System.HasAddon(script.skin.helper.widgets)" icon="logos/shs-logo.png" widget="library" widgetType="albums" widgetTarget="music">plugin://script.skin.helper.widgets/?action=recentplayedalbums&amp;reload=$INFO[Window(Home).Property(widgetreload-music)]</shortcut>
			<shortcut label="$ADDON[script.skin.helper.widgets 32015]" condition="System.HasAddon(script.skin.helper.widgets)" icon="logos/shs-logo.png" widget="library" widgetType="albums" widgetTarget="music">plugin://script.skin.helper.widgets/?action=recommendedalbums&amp;reload=$INFO[Window(Home).Property(widgetreload-music)]</shortcut>
			<shortcut label="$ADDON[script.skin.helper.widgets 32012]" condition="System.HasAddon(script.skin.helper.widgets)" icon="logos/shs-logo.png" widget="library" widgetType="songs" widgetTarget="music">plugin://script.skin.helper.widgets/?action=recentsongs&amp;reload=$INFO[Window(Home).Property(widgetreload-music)]</shortcut>
			<shortcut label="$ADDON[script.skin.helper.widgets 32013]" condition="System.HasAddon(script.skin.helper.widgets)" icon="logos/shs-logo.png" widget="library" widgetType="songs" widgetTarget="music">plugin://script.skin.helper.widgets/?action=recentplayedsongs&amp;reload=$INFO[Window(Home).Property(widgetreload-music)]</shortcut>
			<shortcut label="$ADDON[script.skin.helper.widgets 32016]" condition="System.HasAddon(script.skin.helper.widgets)" icon="logos/shs-logo.png" widget="library" widgetType="songs" widgetTarget="music">plugin://script.skin.helper.widgets/?action=recommendedsongs&amp;reload=$INFO[Window(Home).Property(widgetreload-music)]</shortcut>
		</node>
		<node label="20389">
			<shortcut label="$ADDON[service.library.data.provider 32022]" condition="System.HasAddon(service.library.data.provider)" icon="logos/ldp-logo.png" widget="library" widgetType="musicvideos" widgetTarget="video">plugin://service.library.data.provider?type=randommusicvideos&amp;reload=$INFO[Window.Property(randommusicvideos)]</shortcut>
			<shortcut label="$ADDON[service.library.data.provider 32023]" condition="System.HasAddon(service.library.data.provider)" icon="logos/ldp-logo.png" widget="library" widgetType="musicvideos" widgetTarget="video">plugin://service.library.data.provider?type=recentmusicvideos&amp;reload=$INFO[Window.Property(recentmusicvideos)]</shortcut>
			<shortcut label="20390" icon="logos/kodi.png" widget="library" widgetType="musicvideos" widgetTarget="video">videodb://recentlyaddedmusicvideos/</shortcut>
		</node>
		<node label="32020">
			<content>picturesources</content>
		</node>
		<node label="Mixed Media">
			<shortcut label="$ADDON[script.skin.helper.widgets 32005]" condition="System.HasAddon(script.skin.helper.widgets)" icon="logos/shs-logo.png" widget="library" widgetType="mixed" widgetTarget="video">plugin://script.skin.helper.widgets/?action=recentmedia&amp;reload=$INFO[Window(Home).Property(widgetreload)]</shortcut>
			<shortcut label="$ADDON[script.skin.helper.widgets 32004]" condition="System.HasAddon(script.skin.helper.widgets)" icon="logos/shs-logo.png" widget="library" widgetType="mixed" widgetTarget="video">plugin://script.skin.helper.widgets/?action=recommended&amp;mediatype=media&amp;reload=$INFO[Window(Home).Property(widgetreload2)]</shortcut>
			<shortcut label="$ADDON[script.skin.helper.widgets 32011]" condition="System.HasAddon(script.skin.helper.widgets)" icon="logos/shs-logo.png" widget="library" widgetType="mixed" widgetTarget="video">plugin://script.skin.helper.widgets/?action=inprogressmedia&amp;reload=$INFO[Window(Home).Property(widgetreload)]</shortcut>
			<shortcut label="$ADDON[script.skin.helper.widgets 32007]" condition="System.HasAddon(script.skin.helper.widgets)" icon="logos/shs-logo.png" widget="library" widgetType="mixed" widgetTarget="video">plugin://script.skin.helper.widgets/?action=inprogressandrecommendedmedia&amp;reload=$INFO[Window(Home).Property(widgetreload)]</shortcut>
			<shortcut label="$ADDON[service.library.data.provider 32019]" condition="System.HasAddon(service.library.data.provider)" icon="logos/ldp-logo.png" widget="library" widgetType="mixed" widgetTarget="video">plugin://service.library.data.provider?type=recentvideos&amp;reload=$INFO[Window.Property(recentvideos)]</shortcut>
		</node>
		<node label="32030">
			<content>video</content>
			<content>videosources</content>
		</node>
		<node label="32031">
			<content>music</content>
			<content>musicsources</content>
		</node>
		<node label="136">
			<content>playlist-video</content>
			<content>playlist-audio</content>
		</node>
		<node label="12600">
			<shortcut label="10508" icon="$VAR[WeatherIconsPathVar]$INFO[Weather.FanartCode]$VAR[WeatherIconsExtVar]" condition="!String.IsEmpty(Weather.Plugin)" widget="addon" widgetType="weather">$INCLUDE[skinshortcuts-template-WeatherForecastContent]</shortcut>
			<shortcut label="33006" icon="$VAR[WeatherIconsPathVar]$INFO[Weather.FanartCode]$VAR[WeatherIconsExtVar]" condition="!String.IsEmpty(Weather.Plugin)" widget="addon" widgetType="weather">$INCLUDE[skinshortcuts-template-WeatherTodayContent]</shortcut>
			<shortcut label="33007" icon="$VAR[WeatherIconsPathVar]$INFO[Weather.FanartCode]$VAR[WeatherIconsExtVar]" condition="!String.IsEmpty(Weather.Plugin)" widget="addon" widgetType="weather">$INCLUDE[skinshortcuts-template-WeatherTomorrowContent]</shortcut>
		</node>
		<node label="130">
			<shortcut label="130" icon="homewidgets/systeminfo/square/system.png" widget="addon" widgetType="system">$INCLUDE[skinshortcuts-template-SystemContent]</shortcut>
			<shortcut label="12390" icon="homewidgets/systeminfo/square/uptime.png" widget="addon" widgetType="system">$INCLUDE[skinshortcuts-template-SystemUptime]</shortcut>
			<shortcut label="12395" icon="homewidgets/systeminfo/square/battery_100.png" widget="addon" widgetType="system">$INCLUDE[skinshortcuts-template-SystemBattery]</shortcut>
			<shortcut label="705" icon="homewidgets/systeminfo/square/connected.png" widget="addon" widgetType="system">$INCLUDE[skinshortcuts-template-SystemNetwork]</shortcut>
			<shortcut label="13280" icon="homewidgets/systeminfo/square/video.png" widget="addon" widgetType="system">$INCLUDE[skinshortcuts-template-SystemVideo]</shortcut>
			<shortcut label="CPU" icon="homewidgets/systeminfo/square/cpu.png" widget="addon" widgetType="system">$INCLUDE[skinshortcuts-template-SystemCPU]</shortcut>
			<shortcut label="158" icon="homewidgets/systeminfo/square/memory.png" widget="addon" widgetType="system">$INCLUDE[skinshortcuts-template-SystemMemory]</shortcut>
			<shortcut label="154" icon="homewidgets/systeminfo/square/storage.png" widget="addon" widgetType="system">$INCLUDE[skinshortcuts-template-SystemStorage]</shortcut>
			<shortcut label="19020" icon="homewidgets/systeminfo/square/pvr.png" widget="addon" widgetType="system">$INCLUDE[skinshortcuts-template-SystemPVR]</shortcut>
			<shortcut label="19114" icon="homewidgets/systeminfo/square/system.png" widget="addon" widgetType="system">$INCLUDE[skinshortcuts-template-SystemVersion]</shortcut>
		</node>
		<node label="1036">
			<shortcut label="1036" type="32010" condition="System.HasAddon(script.skin.helper.widgets)" icon="logos/shs-logo.png">||BROWSE||script.skin.helper.widgets/?action=widgets&amp;path=favourites</shortcut>
			<shortcut label="$ADDON[script.skin.helper.widgets 32001]" condition="System.HasAddon(script.skin.helper.widgets)" icon="logos/shs-logo.png" widget="addon" widgetType="favourite">plugin://script.skin.helper.widgets/?action=favouritemedia&amp;reload=$INFO[Window(Home).Property(widgetreload2)]</shortcut>
			<shortcut label="1036" condition="System.HasAddon(script.skin.helper.widgets)" icon="logos/shs-logo.png" widget="addon" widgetType="favourite">plugin://script.skin.helper.widgets/?action=favourites&amp;reload=$INFO[Window(Home).Property(widgetreload2)]</shortcut>
		</node>
		<node label="32007">
			<node label="32010">
				<content>addon-video</content>
			</node>
			<node label="32011">
				<content>addon-audio</content>
			</node>
			<node label="35049">
				<shortcut label="$INFO[System.AddonTitle(plugin.program.advanced.emulator.launcher)]" type="32021" icon="DefaultAddonGame.png" widget="addon" widgetType="addon" widgetTarget="programs" condition="System.HasAddon(plugin.program.advanced.emulator.launcher)">||BROWSE||plugin.program.advanced.emulator.launcher</shortcut>
				<shortcut label="$INFO[System.AddonTitle(plugin.program.iagl)]" type="32021" icon="DefaultAddonGame.png" widget="addon" widgetType="addon" widgetTarget="programs" condition="System.HasAddon(plugin.program.iagl)">||BROWSE||plugin.program.iagl</shortcut>
				<shortcut label="$INFO[System.AddonTitle(script.games.rom.collection.browser)]" type="32021" icon="DefaultAddonGame.png" widget="addon" widgetType="addon" widgetTarget="programs" condition="System.HasAddon(script.games.rom.collection.browser)">||BROWSE||script.games.rom.collection.browser</shortcut>
			</node>
			<node label="32012">
				<content>addon-image</content>
			</node>
			<node label="32009">
				<content>addon-program-plugin</content>
			</node>
			<shortcut label="0" type="32021" icon="DefaultAddonProgram.png" widget="addon" widgetType="addon" widgetTarget="programs">addons://sources/executable</shortcut>
			<shortcut label="20244" type="32021" icon="DefaultAddonProgram.png" widget="addon" widgetType="addon" widgetTarget="programs" condition="System.Platform.Android">androidapp://sources/apps</shortcut>
			<shortcut label="1037" type="32014" icon="DefaultAddonVideo.png" widget="addon" widgetType="addon" widgetTarget="video">addons://sources/video</shortcut>
			<shortcut label="1038" type="32019" icon="DefaultAddonMusic.png" widget="addon" widgetType="addon" widgetTarget="music">addons://sources/audio</shortcut>
			<shortcut label="10821" type="32021" icon="DefaultAddonGame.png" widget="addon" widgetType="addon" widgetTarget="programs">addons://sources/game</shortcut>
			<shortcut label="1039" type="32020" icon="DefaultAddonPicture.png" widget="addon" widgetType="addon" widgetTarget="pictures">addons://sources/image</shortcut>
		</node>
		<shortcut label="31397" condition="String.IsEqual(Window(Home).Property(skinshortcuts-management-widget),1)" name="Custom list" widget="custom" widgetType="custom">$INCLUDE[skinshortcuts-submenu-1]</shortcut>
		<shortcut label="31397" condition="String.IsEqual(Window(Home).Property(skinshortcuts-management-widget),2)" name="Custom list" widget="custom" widgetType="custom">$INCLUDE[skinshortcuts-submenu-2]</shortcut>
	</widget-groupings>
	<!-- Widget Default Values If Empty  -->
	<propertyfallback property="widgetArt" attribute="widgetType" value="musicvideos">Square Poster</propertyfallback>
	<propertyfallback property="widgetArt" attribute="widgetType" value="songs">Square Poster</propertyfallback>
	<propertyfallback property="widgetArt" attribute="widgetType" value="albums">Square Poster</propertyfallback>
	<propertyfallback property="widgetArt" attribute="widgetType" value="artists">Square Poster</propertyfallback>
	<propertyfallback property="widgetArt" attribute="widgetType" value="singles">Square Poster</propertyfallback>
	<propertyfallback property="widgetArt" attribute="widgetType" value="favourite">Square Poster</propertyfallback>
	<propertyfallback property="widgetArt" attribute="widgetType" value="addon">Square Poster</propertyfallback>
	<propertyfallback property="widgetArt" attribute="widgetType" value="weather">Square Poster</propertyfallback>
	<propertyfallback property="widgetArt" attribute="widgetType" value="system">Square Poster</propertyfallback>
	<propertyfallback property="widgetArt" attribute="widgetType" value="custom">Square Poster</propertyfallback>
	<propertyfallback property="widgetArt" attribute="widgetType" value="pvr">Square Poster</propertyfallback>
	<propertyfallback property="widgetArt">Poster</propertyfallback>
	<propertyfallback property="widgetArt.2" attribute="widgetType.2" value="musicvideos">Square Poster</propertyfallback>
	<propertyfallback property="widgetArt.2" attribute="widgetType.2" value="songs">Square Poster</propertyfallback>
	<propertyfallback property="widgetArt.2" attribute="widgetType.2" value="albums">Square Poster</propertyfallback>
	<propertyfallback property="widgetArt.2" attribute="widgetType.2" value="artists">Square Poster</propertyfallback>
	<propertyfallback property="widgetArt.2" attribute="widgetType.2" value="singles">Square Poster</propertyfallback>
	<propertyfallback property="widgetArt.2" attribute="widgetType.2" value="favourite">Square Poster</propertyfallback>
	<propertyfallback property="widgetArt.2" attribute="widgetType.2" value="addon">Square Poster</propertyfallback>
	<propertyfallback property="widgetArt.2" attribute="widgetType.2" value="weather">Square Poster</propertyfallback>
	<propertyfallback property="widgetArt.2" attribute="widgetType.2" value="system">Square Poster</propertyfallback>
	<propertyfallback property="widgetArt.2" attribute="widgetType.2" value="custom">Square Poster</propertyfallback>
	<propertyfallback property="widgetArt.2" attribute="widgetType.2" value="pvr">Square Poster</propertyfallback>
	<propertyfallback property="widgetArt.2">Poster</propertyfallback>
	<!-- Widget Style 1 -->
	<propertySettings property="widgetStyle" buttonID="1001" title="$LOCALIZE[31701]" requires="widgetPath" showNone="False" />
	<property property="widgetStyle" label="535">List</property>
	<property property="widgetStyle" label="31714">Compact Panel</property>
	<property property="widgetStyle" label="31715">Extended Compact Panel</property>
	<!-- Widget Style 2 -->
	<propertySettings property="widgetStyle.2" buttonID="2001" title="$LOCALIZE[31701]" requires="widgetPath.2" showNone="False" />
	<property property="widgetStyle.2" label="535">List</property>
	<property property="widgetStyle.2" label="31714">Compact Panel</property>
	<property property="widgetStyle.2" label="31715">Extended Compact Panel</property>
	<!-- Widget Back 1 -->
	<propertySettings property="widgetBack" buttonID="1002" requires="widgetStyle" templateonly="True" showNone="False" title="$LOCALIZE[31702]" />
	<property property="widgetBack" label="571">Default</property>
	<property property="widgetBack" label="231">None</property>
	<!-- Widget Back 2 -->
	<propertySettings property="widgetBack.2" buttonID="2002" requires="widgetStyle.2" templateonly="True" showNone="False" title="$LOCALIZE[31702]" />
	<property property="widgetBack.2" label="571">Default</property>
	<property property="widgetBack.2" label="231">None</property>
	<!-- Widget Title 1 -->
	<propertySettings property="widgetTitle" buttonID="1003" requires="widgetStyle" templateonly="True" title="$LOCALIZE[31703]" />
	<property property="widgetTitle" label="31729">Panel</property>
	<property property="widgetTitle" label="31730">On Focus</property>
	<property property="widgetTitle" label="31731">Title</property>
	<!-- Widget Title 2 -->
	<propertySettings property="widgetTitle.2" buttonID="2003" requires="widgetStyle.2" templateonly="True" title="$LOCALIZE[31703]" />
	<property property="widgetTitle.2" label="31729">Panel</property>
	<property property="widgetTitle.2" label="31730">On Focus</property>
	<property property="widgetTitle.2" label="31731">Title</property>
	<!-- Widget Art 1 -->
	<propertySettings property="widgetArt" buttonID="1004" requires="widgetStyle" templateonly="True" showNone="False" title="$LOCALIZE[31706]" />
	<property property="widgetArt" label="31016" condition="![String.IsEqual(Container(211).ListItem.Property(widgetType),weather) | String.IsEqual(Container(211).ListItem.Property(widgetType),system) | String.IsEqual(Container(211).ListItem.Property(widgetType),artists) | String.IsEqual(Container(211).ListItem.Property(widgetType),albums) | String.IsEqual(Container(211).ListItem.Property(widgetType),songs)]">Poster</property>
	<property property="widgetArt" label="31718">Square Poster</property>
	<!-- Widget Art 2 -->
	<propertySettings property="widgetArt.2" buttonID="2004" requires="widgetStyle.2" templateonly="True" showNone="False" title="$LOCALIZE[31706]" />
	<property property="widgetArt.2" label="31016" condition="![String.IsEqual(Container(211).ListItem.Property(widgetType.2),weather) | String.IsEqual(Container(211).ListItem.Property(widgetType.2),system) | String.IsEqual(Container(211).ListItem.Property(widgetType.2),artists) | String.IsEqual(Container(211).ListItem.Property(widgetType.2),albums) | String.IsEqual(Container(211).ListItem.Property(widgetType.2),songs)]">Poster</property>
	<property property="widgetArt.2" label="31718">Square Poster</property>
	<!-- Widget Case 1 -->
	<propertySettings property="widgetCase" buttonID="1008" requires="widgetStyle" title="$LOCALIZE[31707]" />
	<property property="widgetCase" icon="homewidgets/cases/glass/portrait.png" condition="String.IsEqual(Container(211).ListItem.Property(widgetArt),Poster)" label="31721">Glass</property>
	<property property="widgetCase" icon="homewidgets/cases/glass/square.png" condition="String.IsEqual(Container(211).ListItem.Property(widgetArt),Square Poster)" label="31721">Glass</property>
	<!-- Widget Case 2 -->
	<propertySettings property="widgetCase.2" buttonID="2008" requires="widgetStyle.2" title="$LOCALIZE[31707]" />
	<property property="widgetCase.2" icon="homewidgets/cases/glass/portrait.png" condition="String.IsEqual(Container(211).ListItem.Property(widgetArt.2),Poster)" label="31721">Glass</property>
	<property property="widgetCase.2" icon="homewidgets/cases/glass/square.png" condition="String.IsEqual(Container(211).ListItem.Property(widgetArt.2),Square Poster)" label="31721">Glass</property>
	<!-- Widget Sort By 1 -->
	<propertySettings property="widgetSortby" buttonID="1012" requires="widgetStyle" templateonly="True" title="$LOCALIZE[31708]" />
	<property property="widgetSortby" label="568">lastplayed</property>
	<property property="widgetSortby" label="369">title</property>
	<property property="widgetSortby" label="36902" condition="String.IsEqual(Container(211).ListItem.Property(widgetType),episodes)">tvshowtitle</property>
	<property property="widgetSortby" label="552" condition="String.IsEqual(Container(211).ListItem.Property(widgetType),episodes)">date</property>
	<property property="widgetSortby" label="557" condition="String.IsEqual(Container(211).ListItem.Property(widgetType),musicvideos) | String.IsEqual(Container(211).ListItem.Property(widgetType),artists) | String.IsEqual(Container(211).ListItem.Property(widgetType),albums) | String.IsEqual(Container(211).ListItem.Property(widgetType),songs)">artist</property>
	<property property="widgetSortby" label="558" condition="String.IsEqual(Container(211).ListItem.Property(widgetType),musicvideos) | String.IsEqual(Container(211).ListItem.Property(widgetType),albums) | String.IsEqual(Container(211).ListItem.Property(widgetType),songs)">album</property>
	<property property="widgetSortby" label="554" condition="String.IsEqual(Container(211).ListItem.Property(widgetType),songs)">tracknumber</property>
	<property property="widgetSortby" label="19029" condition="String.IsEqual(Container(211).ListItem.Property(widgetType),pvr)">channelnumber</property>
	<property property="widgetSortby" label="345" condition="String.IsEqual(Container(211).ListItem.Property(widgetType),movies) | String.IsEqual(Container(211).ListItem.Property(widgetType),tvshows) | String.IsEqual(Container(211).ListItem.Property(widgetType),musicvideos) | String.IsEqual(Container(211).ListItem.Property(widgetType),albums)">year</property>
	<property property="widgetSortby" label="570" condition="!String.IsEqual(Container(211).ListItem.Property(widgetType),pvr)">dateAdded</property>
	<property property="widgetSortby" label="590">random</property>
	<!-- Widget Sort Order 1 -->
	<propertySettings property="widgetSort" buttonID="1016" requires="widgetStyle" templateonly="True" title="$LOCALIZE[31709]" />
	<property property="widgetSort" label="584">ascending</property>
	<property property="widgetSort" label="585">descending</property>
	<!-- Widget Sort By 2 -->
	<propertySettings property="widgetSortby.2" buttonID="2012" requires="widgetStyle.2" templateonly="True" title="$LOCALIZE[31708]" />
	<property property="widgetSortby.2" label="568">lastplayed</property>
	<property property="widgetSortby.2" label="369">title</property>
	<property property="widgetSortby.2" label="36902" condition="String.IsEqual(Container(211).ListItem.Property(widgetType.2),episodes)">tvshowtitle</property>
	<property property="widgetSortby.2" label="552" condition="String.IsEqual(Container(211).ListItem.Property(widgetType.2),episodes)">date</property>
	<property property="widgetSortby.2" label="557" condition="String.IsEqual(Container(211).ListItem.Property(widgetType.2),musicvideos) | String.IsEqual(Container(211).ListItem.Property(widgetType.2),artists) | String.IsEqual(Container(211).ListItem.Property(widgetType.2),albums) | String.IsEqual(Container(211).ListItem.Property(widgetType.2),songs)">artist</property>
	<property property="widgetSortby.2" label="558" condition="String.IsEqual(Container(211).ListItem.Property(widgetType.2),musicvideos) | String.IsEqual(Container(211).ListItem.Property(widgetType.2),albums) | String.IsEqual(Container(211).ListItem.Property(widgetType.2),songs)">album</property>
	<property property="widgetSortby.2" label="554" condition="String.IsEqual(Container(211).ListItem.Property(widgetType.2),songs)">tracknumber</property>
	<property property="widgetSortby.2" label="19029" condition="String.IsEqual(Container(211).ListItem.Property(widgetType.2),pvr)">channelnumber</property>
	<property property="widgetSortby.2" label="345" condition="String.IsEqual(Container(211).ListItem.Property(widgetType.2),movies) | String.IsEqual(Container(211).ListItem.Property(widgetType.2),tvshows) | String.IsEqual(Container(211).ListItem.Property(widgetType.2),musicvideos) | String.IsEqual(Container(211).ListItem.Property(widgetType.2),albums)">year</property>
	<property property="widgetSortby.2" label="570" condition="!String.IsEqual(Container(211).ListItem.Property(widgetType.2),pvr)">dateAdded</property>
	<property property="widgetSortby.2" label="590">random</property>
	<!-- Widget Sort Order 2 -->
	<propertySettings property="widgetSort.2" buttonID="2016" requires="widgetStyle.2" templateonly="True" title="$LOCALIZE[31709]" />
	<property property="widgetSort.2" label="584">ascending</property>
	<property property="widgetSort.2" label="585">descending</property>
	<!-- Widget List 1 - Text/Banner -->
	<propertySettings property="widgetList" buttonID="1020" showNone="False" requires="widgetStyle" templateonly="True" title="$LOCALIZE[31704]" />
	<property property="widgetList" label="21899">Label</property>
	<!-- Widget List 2 - Text/Banner -->
	<propertySettings property="widgetList.2" buttonID="2020" showNone="False" requires="widgetStyle.2" templateonly="True" title="$LOCALIZE[31704]" />
	<property property="widgetList.2" label="21899">Label</property>
	<!-- Widget Panel Info 1 -->
	<propertySettings property="widgetPanelInfo" buttonID="1021" requires="widgetStyle" title="$LOCALIZE[31705]" />
	<property property="widgetPanelInfo" label="305">Enabled</property>
	<!-- Widget Panel Info 2 -->
	<propertySettings property="widgetPanelInfo.2" buttonID="2021" requires="widgetStyle.2" title="$LOCALIZE[31705]" />
	<property property="widgetPanelInfo.2" label="305">Enabled</property>
	<!-- Management Dialog Navigation -->
	<!-- WIDGET 1 -->
	<onback to="800">6001</onback>
	<onback to="800">1001</onback>
	<onback to="800">1002</onback>
	<onback to="800">1003</onback>
	<onback to="800">1020</onback>
	<onback to="800">1021</onback>
	<onback to="800">1022</onback>
	<onback to="800">1023</onback>
	<onback to="800">312</onback>
	<onback to="800">1004</onback>
	<onback to="800">1008</onback>
	<onback to="800">1012</onback>
	<onback to="800">1016</onback>
	<!-- WIDGET 2 -->
	<onback to="801">7001</onback>
	<onback to="801">2001</onback>
	<onback to="801">2002</onback>
	<onback to="801">2003</onback>
	<onback to="801">2020</onback>
	<onback to="801">2021</onback>
	<onback to="801">2022</onback>
	<onback to="801">2023</onback>
	<onback to="801">2051</onback>
	<onback to="801">2004</onback>
	<onback to="801">2008</onback>
	<onback to="801">2012</onback>
	<onback to="801">2016</onback>
	<!-- Remove any default menu item properties that we don't need -->
	<propertySettings property="widget" templateonly="True" />
	<propertySettings property="widgetTarget" templateonly="True" />
	<propertySettings property="widgetPath" templateonly="True" />
	<propertySettings property="widget.2" templateonly="True" />
	<propertySettings property="widgetTarget.2" templateonly="True" />
	<propertySettings property="widgetPath.2" templateonly="True" />
	<propertySettings property="labelID" templateonly="True" />
	<propertySettings property="defaultID" templateonly="True" />
	<propertySettings property="list" templateonly="True" />
	<propertySettings property="group" templateonly="True" />
	<propertySettings property="hasSubmenu" templateonly="True" />
	<!-- Icon Overrides -->
	<icon image="DefaultShortcut.png">DefaultAddSource.png</icon>
	<icon image="DefaultActor.png">DefaultActor.png</icon>
	<icon image="DefaultAddon.png">DefaultAddon.png</icon>
	<icon image="DefaultAddonLibrary.png">DefaultAddonLibrary.png</icon>
	<icon image="DefaultAddonMusic.png">DefaultAddonMusic.png</icon>
	<icon image="DefaultAddonNone.png">DefaultAddonNone.png</icon>
	<icon image="DefaultAddonPicture.png">DefaultAddonPicture.png</icon>
	<icon image="DefaultAddonProgram.png">DefaultAddonProgram.png</icon>
	<icon image="DefaultAddonPVRClient.png">DefaultAddonPVRClient.png</icon>
	<icon image="DefaultAddonVideo.png">DefaultAddonVideo.png</icon>
	<icon image="DefaultAddonWeather.png">DefaultAddonWeather.png</icon>
	<icon image="DefaultAlbumCover.png">DefaultAlbumCover.png</icon>
	<icon image="DefaultArtist.png">DefaultArtist.png</icon>
	<icon image="DefaultAudio.png">DefaultAudio.png</icon>
	<icon image="DefaultCountry.png">DefaultCountry.png</icon>
	<icon image="DefaultDirector.png">DefaultDirector.png</icon>
	<icon image="DefaultFile.png">DefaultFile.png</icon>
	<icon image="DefaultFolder.png">DefaultFolder.png</icon>
	<icon image="DefaultGames.png">DefaultGames.png</icon>
	<icon image="DefaultGenre.png">DefaultGenre.png</icon>
	<icon image="DefaultInProgressShows.png">DefaultInProgressShows.png</icon>
	<icon image="DefaultMovies.png">DefaultMovies.png</icon>
	<icon image="DefaultMovieTitle.png">DefaultMovieTitle.png</icon>
	<icon image="DefaultMusicAlbums.png">DefaultMusicAlbums.png</icon>
	<icon image="DefaultMusicArtists.png">DefaultMusicArtists.png</icon>
	<icon image="DefaultMusicGenres.png">DefaultMusicGenres.png</icon>
	<icon image="DefaultMusicPlaylists.png">DefaultMusicPlaylists.png</icon>
	<icon image="DefaultMusicRecentlyAdded.png">DefaultMusicRecentlyAdded.png</icon>
	<icon image="DefaultMusicRecentlyPlayed.png">DefaultMusicRecentlyPlayed.png</icon>
	<icon image="DefaultMusicSongs.png">DefaultMusicSongs.png</icon>
	<icon image="DefaultMusicTop100.png">DefaultMusicTop100.png</icon>
	<icon image="DefaultMusicTop100Albums.png">DefaultMusicTop100Albums.png</icon>
	<icon image="DefaultMusicTop100Songs.png">DefaultMusicTop100Songs.png</icon>
	<icon image="DefaultMusicVideos.png">DefaultMusicVideos.png</icon>
	<icon image="DefaultMusicVideoTitle.png">DefaultMusicVideoTitle.png</icon>
	<icon image="DefaultMusicYears.png">DefaultMusicYears.png</icon>
	<icon image="DefaultPicture.png">DefaultPicture.png</icon>
	<icon image="DefaultPlaylist.png">DefaultPlaylist.png</icon>
	<icon image="DefaultProgram.png">DefaultProgram.png</icon>
	<icon image="DefaultRecentlyAddedEpisodes.png">DefaultRecentlyAddedEpisodes.png</icon>
	<icon image="DefaultRecentlyAddedMovies.png">DefaultRecentlyAddedMovies.png</icon>
	<icon image="DefaultRecentlyAddedMusicVideos.png">DefaultRecentlyAddedMusicVideos.png</icon>
	<icon image="DefaultSets.png">DefaultSets.png</icon>
	<icon image="DefaultStudios.png">DefaultStudios.png</icon>
	<icon image="DefaultTags.png">DefaultTags.png</icon>
	<icon image="DefaultTVShows.png">DefaultTVShows.png</icon>
	<icon image="DefaultTVShowTitle.png">DefaultTVShowTitle.png</icon>
	<icon image="DefaultVideo.png">DefaultVideo.png</icon>
	<icon image="DefaultVideoPlaylists.png">DefaultVideoPlaylists.png</icon>
	<icon image="DefaultYear.png">DefaultYear.png</icon>
</overrides>