<?xml version="1.0" encoding="UTF-8"?>
<window>
	<defaultcontrol always="true">3</defaultcontrol>
	<coordinates>
		<system>1</system>
		<left>122</left>
		<top>254</top>
	</coordinates>
	<include>DialogOpenCloseAnimation</include>
	<controls>
		<control type="image">
			<width>1674</width>
			<height>600</height>
			<texture border="">dialogs/default/bg.png</texture>
		</control>
		<control type="label" id="2">
			<left>30</left>
			<top>32</top>
			<width>1614</width>
			<height>40</height>
			<textoffsetx>15</textoffsetx>
			<align>center</align>
			<textcolor>dialogheader</textcolor>
			<font>font15_title</font>
		</control>
		<!-- left group -->
		<control type="group">
			<left>31</left>
			<top>88</top>
			<control type="image">
				<left>-1</left>
				<top>-2</top>
				<width>312</width>
				<height>482</height>
				<texture border="5">dialogs/default/inner.png</texture>
			</control>
			<control type="grouplist" id="3">
				<description>button area</description>
				<width>310</width>
				<height>480</height>
				<onleft>9001</onleft>
				<onright>5</onright>
				<onup>3</onup>
				<ondown>3</ondown>
				<scrolltime>0</scrolltime>
			</control>
		</control>
		<!-- middle group -->
		<control type="group">
			<left>357</left>
			<top>88</top>
			<control type="image">
				<left>-1</left>
				<top>-2</top>
				<width>962</width>
				<height>482</height>
				<texture border="5">dialogs/default/inner.png</texture>
			</control>
			<control type="grouplist" id="5">
				<width>960</width>
				<height>480</height>
				<pagecontrol>60</pagecontrol>
				<onleft>3</onleft>
				<onright>60</onright>
				<onup>5</onup>
				<ondown>5</ondown>
				<scrolltime tween="cubic" easing="out">500</scrolltime>
			</control>
			<control type="scrollbar" id="60">
				<left>960</left>
				<width>14</width>
				<height>480</height>
				<texturesliderbackground />
				<texturesliderbar colordiffuse="80FFFFFF" border="1">scrollbar/texturesliderbar2.png</texturesliderbar>
				<texturesliderbarfocus border="1">scrollbar/texturesliderbar2.png</texturesliderbarfocus>
				<onleft>5</onleft>
				<onright>9001</onright>
				<showonepage>false</showonepage>
			</control>
		</control>
		<!-- right group -->
		<control type="group">
			<left>1333</left>
			<top>88</top>
			<control type="image">
				<left>-1</left>
				<top>-2</top>
				<width>312</width>
				<height>482</height>
				<texture border="5">dialogs/default/inner.png</texture>
			</control>
			<control type="grouplist" id="9001">
				<width>310</width>
				<height>480</height>
				<onleft>5</onleft>
				<onright>3</onright>
				<onup>9001</onup>
				<ondown>9001</ondown>
				<control type="image" id="2000">
					<width>310</width>
					<height>300</height>
					<aspectratio>scale</aspectratio>
					<texture background="true">$INFO[System.AddonIcon(Window.Property(Addon.ID))]</texture>
				</control>
				<control type="button" id="28">
					<description>OK Button</description>
					<width>310</width>
					<label>186</label>
				</control>
				<control type="button" id="29">
					<description>Cancel Button</description>
					<width>310</width>
					<label>222</label>
				</control>
				<control type="button" id="30">
					<description>Defaults Button</description>
					<width>310</width>
					<label>409</label>
				</control>
			</control>
		</control>
		<control type="button" id="10">
			<description>Default Category Button</description>
			<height>60</height>
			<width>310</width>
			<align>right</align>
			<font>font14</font>
			<textoffsetx>20</textoffsetx>
			<textcolor>grey2</textcolor>
		</control>
		<control type="button" id="7">
			<description>Default Button</description>
			<width>960</width>
			<height>60</height>
		</control>
		<control type="radiobutton" id="8">
			<description>Default RadioButton</description>
			<width>960</width>
			<height>60</height>
			<textwidth>870</textwidth>
			<radioposx>865</radioposx>
		</control>
		<control type="spincontrolex" id="9">
			<description>Default spincontrolex</description>
			<width>960</width>
			<height>60</height>
			<font>font14</font>
			<reverse>true</reverse>
		</control>
		<control type="label" id="14">
			<width>960</width>
			<height>60</height>
			<font>font14</font>
			<label />
			<textcolor>$VAR[ThemeLabelColor]</textcolor>
			<textoffsetx>15</textoffsetx>
			<align>center</align>
		</control>
		<control type="edit" id="12">
			<width>960</width>
			<height>60</height>
			<label />
			<textoffsetx>15</textoffsetx>
		</control>
		<control type="image" id="11">
			<description>Default Seperator</description>
			<width>960</width>
			<height>1</height>
			<texture colordiffuse="$VAR[ThemeLabelColor]">new_pvr/osd_line_white.png</texture>
		</control>
		<control type="sliderex" id="13">
			<description>Default Slider</description>
			<width>960</width>
			<height>60</height>
		</control>
	</controls>
</window>