<?xml version="1.0" encoding="UTF-8"?>
<window>
	<defaultcontrol always="true">996</defaultcontrol>
	<include>DialogOpenCloseAnimation</include>
	<coordinates>
		<system>1</system>
		<left>0</left>
		<top>80</top>
	</coordinates>
	<controls>
		<control type="image" id="999">
			<description>background image</description>
			<top>-34</top>
			<width>510</width>
			<height>365</height>
			<texture border="30,20,30,2">dialog_back.png</texture>	<!--TK changed from dialog_top2.png-->
		</control>
		<control type="grouplist" id="996">
			<description>grouplist for context buttons</description>
			<left>30</left>
			<width>510</width>
			<height>300</height>	<!--TK AF = <height min="60" max="1080">auto</height>-->
			<include condition="Window.IsActive(programs) + !String.IsEmpty(Window(Home).Property(Progams.Games))">AdvancedLauncherTrailerButton</include>
		</control>
		<control type="button" id="1000">
			<description>button template</description>
			<width>450</width>
			<height>60</height>
			<font>font14</font>
			<align>center</align>	<!--TK added-->
			<textoffsetx>15</textoffsetx>
		</control>
	</controls>
</window>